[
    {
        "region": [
            0,
            0
        ],
        "timeslot": 0,
        "true_label": 0.0033444816053511705,
        "prediction": 0.007305242586880922
    },
    {
        "region": [
            0,
            1
        ],
        "timeslot": 0,
        "true_label": 0.006688963210702341,
        "prediction": 0.01053149439394474
    },
    {
        "region": [
            0,
            2
        ],
        "timeslot": 0,
        "true_label": 0.006688963210702341,
        "prediction": 0.0035753860138356686
    },
    {
        "region": [
            0,
            3
        ],
        "timeslot": 0,
        "true_label": 0.0,
        "prediction": -0.0008548881742171943
    },
    {
        "region": [
            0,
            4
        ],
        "timeslot": 0,
        "true_label": 0.0,
        "prediction": -0.0013433423591777682
    },
    {
        "region": [
            0,
            5
        ],
        "timeslot": 0,
        "true_label": 0.0,
        "prediction": -0.0005268905078992248
    },
    {
        "region": [
            0,
            6
        ],
        "timeslot": 0,
        "true_label": 0.0,
        "prediction": -0.0019273052457720041
    },
    {
        "region": [
            0,
            7
        ],
        "timeslot": 0,
        "true_label": 0.0,
        "prediction": -0.0006178723415359855
    },
    {
        "region": [
            0,
            8
        ],
        "timeslot": 0,
        "true_label": 0.0,
        "prediction": 3.3313408493995667e-06
    },
    {
        "region": [
            0,
            9
        ],
        "timeslot": 0,
        "true_label": 0.0,
        "prediction": -0.00023181084543466568
    },
    {
        "region": [
            0,
            10
        ],
        "timeslot": 0,
        "true_label": 0.0,
        "prediction": 2.272333949804306e-05
    },
    {
        "region": [
            0,
            11
        ],
        "timeslot": 0,
        "true_label": 0.0,
        "prediction": -2.731289714574814e-05
    },
    {
        "region": [
            0,
            12
        ],
        "timeslot": 0,
        "true_label": 0.0,
        "prediction": -2.6038847863674164e-05
    },
    {
        "region": [
            0,
            13
        ],
        "timeslot": 0,
        "true_label": 0.0,
        "prediction": -2.560485154390335e-05
    },
    {
        "region": [
            0,
            14
        ],
        "timeslot": 0,
        "true_label": 0.0,
        "prediction": -2.4462584406137466e-05
    },
    {
        "region": [
            0,
            15
        ],
        "timeslot": 0,
        "true_label": 0.0,
        "prediction": -2.4462584406137466e-05
    },
    {
        "region": [
            0,
            16
        ],
        "timeslot": 0,
        "true_label": 0.0,
        "prediction": -2.4462584406137466e-05
    },
    {
        "region": [
            0,
            17
        ],
        "timeslot": 0,
        "true_label": 0.0,
        "prediction": -2.4462584406137466e-05
    },
    {
        "region": [
            0,
            18
        ],
        "timeslot": 0,
        "true_label": 0.0,
        "prediction": -2.4462584406137466e-05
    },
    {
        "region": [
            0,
            19
        ],
        "timeslot": 0,
        "true_label": 0.0,
        "prediction": -2.4462584406137466e-05
    },
    {
        "region": [
            1,
            0
        ],
        "timeslot": 0,
        "true_label": 0.006688963210702341,
        "prediction": 0.009035513736307621
    },
    {
        "region": [
            1,
            1
        ],
        "timeslot": 0,
        "true_label": 0.010033444816053512,
        "prediction": 0.009160486981272697
    },
    {
        "region": [
            1,
            2
        ],
        "timeslot": 0,
        "true_label": 0.010033444816053512,
        "prediction": 0.011098028160631657
    },
    {
        "region": [
            1,
            3
        ],
        "timeslot": 0,
        "true_label": 0.04013377926421405,
        "prediction": 0.012749461457133293
    },
    {
        "region": [
            1,
            4
        ],
        "timeslot": 0,
        "true_label": 0.026755852842809364,
        "prediction": 0.023981044068932533
    },
    {
        "region": [
            1,
            5
        ],
        "timeslot": 0,
        "true_label": 0.016722408026755852,
        "prediction": 0.015343062579631805
    },
    {
        "region": [
            1,
            6
        ],
        "timeslot": 0,
        "true_label": 0.006688963210702341,
        "prediction": 0.00047562309191562235
    },
    {
        "region": [
            1,
            7
        ],
        "timeslot": 0,
        "true_label": 0.0,
        "prediction": -0.0016791681991890073
    },
    {
        "region": [
            1,
            8
        ],
        "timeslot": 0,
        "true_label": 0.0,
        "prediction": -0.001066721510142088
    },
    {
        "region": [
            1,
            9
        ],
        "timeslot": 0,
        "true_label": 0.0,
        "prediction": -0.0005650044186040759
    },
    {
        "region": [
            1,
            10
        ],
        "timeslot": 0,
        "true_label": 0.0,
        "prediction": -0.00022033974528312683
    },
    {
        "region": [
            1,
            11
        ],
        "timeslot": 0,
        "true_label": 0.0,
        "prediction": -5.4706353694200516e-05
    },
    {
        "region": [
            1,
            12
        ],
        "timeslot": 0,
        "true_label": 0.0,
        "prediction": 1.371791586279869e-05
    },
    {
        "region": [
            1,
            13
        ],
        "timeslot": 0,
        "true_label": 0.0,
        "prediction": -2.7322210371494293e-05
    },
    {
        "region": [
            1,
            14
        ],
        "timeslot": 0,
        "true_label": 0.0,
        "prediction": -2.4310778826475143e-05
    },
    {
        "region": [
            1,
            15
        ],
        "timeslot": 0,
        "true_label": 0.0,
        "prediction": -2.4462584406137466e-05
    },
    {
        "region": [
            1,
            16
        ],
        "timeslot": 0,
        "true_label": 0.0,
        "prediction": -2.4462584406137466e-05
    },
    {
        "region": [
            1,
            17
        ],
        "timeslot": 0,
        "true_label": 0.0,
        "prediction": -2.4462584406137466e-05
    },
    {
        "region": [
            1,
            18
        ],
        "timeslot": 0,
        "true_label": 0.0,
        "prediction": -2.4462584406137466e-05
    },
    {
        "region": [
            1,
            19
        ],
        "timeslot": 0,
        "true_label": 0.0,
        "prediction": -2.4462584406137466e-05
    },
    {
        "region": [
            2,
            0
        ],
        "timeslot": 0,
        "true_label": 0.0,
        "prediction": 0.00112436106428504
    },
    {
        "region": [
            2,
            1
        ],
        "timeslot": 0,
        "true_label": 0.013377926421404682,
        "prediction": 0.01438619289547205
    },
    {
        "region": [
            2,
            2
        ],
        "timeslot": 0,
        "true_label": 0.056856187290969896,
        "prediction": 0.030099907889962196
    },
    {
        "region": [
            2,
            3
        ],
        "timeslot": 0,
        "true_label": 0.026755852842809364,
        "prediction": 0.0240276288241148
    },
    {
        "region": [
            2,
            4
        ],
        "timeslot": 0,
        "true_label": 0.026755852842809364,
        "prediction": 0.02808414399623871
    },
    {
        "region": [
            2,
            5
        ],
        "timeslot": 0,
        "true_label": 0.016722408026755852,
        "prediction": 0.020286796614527702
    },
    {
        "region": [
            2,
            6
        ],
        "timeslot": 0,
        "true_label": 0.026755852842809364,
        "prediction": 0.020035240799188614
    },
    {
        "region": [
            2,
            7
        ],
        "timeslot": 0,
        "true_label": 0.016722408026755852,
        "prediction": 0.006370361894369125
    },
    {
        "region": [
            2,
            8
        ],
        "timeslot": 0,
        "true_label": 0.010033444816053512,
        "prediction": 3.506196662783623e-05
    },
    {
        "region": [
            2,
            9
        ],
        "timeslot": 0,
        "true_label": 0.0,
        "prediction": -0.0002873651683330536
    },
    {
        "region": [
            2,
            10
        ],
        "timeslot": 0,
        "true_label": 0.0,
        "prediction": -0.0006305304123088717
    },
    {
        "region": [
            2,
            11
        ],
        "timeslot": 0,
        "true_label": 0.0,
        "prediction": -0.00021465308964252472
    },
    {
        "region": [
            2,
            12
        ],
        "timeslot": 0,
        "true_label": 0.0,
        "prediction": -2.482207491993904e-05
    },
    {
        "region": [
            2,
            13
        ],
        "timeslot": 0,
        "true_label": 0.0,
        "prediction": -2.4714507162570953e-05
    },
    {
        "region": [
            2,
            14
        ],
        "timeslot": 0,
        "true_label": 0.0,
        "prediction": -2.515781670808792e-05
    },
    {
        "region": [
            2,
            15
        ],
        "timeslot": 0,
        "true_label": 0.0,
        "prediction": -2.4462584406137466e-05
    },
    {
        "region": [
            2,
            16
        ],
        "timeslot": 0,
        "true_label": 0.0,
        "prediction": -2.4462584406137466e-05
    },
    {
        "region": [
            2,
            17
        ],
        "timeslot": 0,
        "true_label": 0.0,
        "prediction": -2.4462584406137466e-05
    },
    {
        "region": [
            2,
            18
        ],
        "timeslot": 0,
        "true_label": 0.0,
        "prediction": -2.4462584406137466e-05
    },
    {
        "region": [
            2,
            19
        ],
        "timeslot": 0,
        "true_label": 0.0,
        "prediction": -2.4462584406137466e-05
    },
    {
        "region": [
            3,
            0
        ],
        "timeslot": 0,
        "true_label": 0.0,
        "prediction": 0.0008363139349967241
    },
    {
        "region": [
            3,
            1
        ],
        "timeslot": 0,
        "true_label": 0.013377926421404682,
        "prediction": 0.007772347889840603
    },
    {
        "region": [
            3,
            2
        ],
        "timeslot": 0,
        "true_label": 0.026755852842809364,
        "prediction": 0.029887033626437187
    },
    {
        "region": [
            3,
            3
        ],
        "timeslot": 0,
        "true_label": 0.026755852842809364,
        "prediction": 0.038497477769851685
    },
    {
        "region": [
            3,
            4
        ],
        "timeslot": 0,
        "true_label": 0.016722408026755852,
        "prediction": 0.023604007437825203
    },
    {
        "region": [
            3,
            5
        ],
        "timeslot": 0,
        "true_label": 0.013377926421404682,
        "prediction": 0.01478450559079647
    },
    {
        "region": [
            3,
            6
        ],
        "timeslot": 0,
        "true_label": 0.010033444816053512,
        "prediction": 0.01701735518872738
    },
    {
        "region": [
            3,
            7
        ],
        "timeslot": 0,
        "true_label": 0.010033444816053512,
        "prediction": 0.01640714518725872
    },
    {
        "region": [
            3,
            8
        ],
        "timeslot": 0,
        "true_label": 0.013377926421404682,
        "prediction": 0.01111527718603611
    },
    {
        "region": [
            3,
            9
        ],
        "timeslot": 0,
        "true_label": 0.006688963210702341,
        "prediction": 0.00192931795027107
    },
    {
        "region": [
            3,
            10
        ],
        "timeslot": 0,
        "true_label": 0.0,
        "prediction": 0.0005071050254628062
    },
    {
        "region": [
            3,
            11
        ],
        "timeslot": 0,
        "true_label": 0.0,
        "prediction": -0.00036665983498096466
    },
    {
        "region": [
            3,
            12
        ],
        "timeslot": 0,
        "true_label": 0.0,
        "prediction": -0.00015056366100907326
    },
    {
        "region": [
            3,
            13
        ],
        "timeslot": 0,
        "true_label": 0.0,
        "prediction": -4.746392369270325e-05
    },
    {
        "region": [
            3,
            14
        ],
        "timeslot": 0,
        "true_label": 0.0,
        "prediction": -2.468237653374672e-05
    },
    {
        "region": [
            3,
            15
        ],
        "timeslot": 0,
        "true_label": 0.0,
        "prediction": -2.4462584406137466e-05
    },
    {
        "region": [
            3,
            16
        ],
        "timeslot": 0,
        "true_label": 0.0,
        "prediction": -2.4462584406137466e-05
    },
    {
        "region": [
            3,
            17
        ],
        "timeslot": 0,
        "true_label": 0.0,
        "prediction": -2.4462584406137466e-05
    },
    {
        "region": [
            3,
            18
        ],
        "timeslot": 0,
        "true_label": 0.0,
        "prediction": -2.4462584406137466e-05
    },
    {
        "region": [
            3,
            19
        ],
        "timeslot": 0,
        "true_label": 0.0,
        "prediction": -2.4462584406137466e-05
    },
    {
        "region": [
            4,
            0
        ],
        "timeslot": 0,
        "true_label": 0.0,
        "prediction": 5.6022778153419495e-05
    },
    {
        "region": [
            4,
            1
        ],
        "timeslot": 0,
        "true_label": 0.0033444816053511705,
        "prediction": 0.001083992887288332
    },
    {
        "region": [
            4,
            2
        ],
        "timeslot": 0,
        "true_label": 0.0,
        "prediction": 0.0013208045857027173
    },
    {
        "region": [
            4,
            3
        ],
        "timeslot": 0,
        "true_label": 0.0033444816053511705,
        "prediction": 0.0034338596742600203
    },
    {
        "region": [
            4,
            4
        ],
        "timeslot": 0,
        "true_label": 0.0,
        "prediction": 0.0037643578834831715
    },
    {
        "region": [
            4,
            5
        ],
        "timeslot": 0,
        "true_label": 0.010033444816053512,
        "prediction": 0.011561678722500801
    },
    {
        "region": [
            4,
            6
        ],
        "timeslot": 0,
        "true_label": 0.010033444816053512,
        "prediction": 0.031471095979213715
    },
    {
        "region": [
            4,
            7
        ],
        "timeslot": 0,
        "true_label": 0.0,
        "prediction": 0.017956962808966637
    },
    {
        "region": [
            4,
            8
        ],
        "timeslot": 0,
        "true_label": 0.0,
        "prediction": 0.0036595137789845467
    },
    {
        "region": [
            4,
            9
        ],
        "timeslot": 0,
        "true_label": 0.0033444816053511705,
        "prediction": 0.0019761379808187485
    },
    {
        "region": [
            4,
            10
        ],
        "timeslot": 0,
        "true_label": 0.016722408026755852,
        "prediction": 0.0006045125192031264
    },
    {
        "region": [
            4,
            11
        ],
        "timeslot": 0,
        "true_label": 0.0,
        "prediction": 0.00014496222138404846
    },
    {
        "region": [
            4,
            12
        ],
        "timeslot": 0,
        "true_label": 0.0,
        "prediction": -9.497720748186111e-05
    },
    {
        "region": [
            4,
            13
        ],
        "timeslot": 0,
        "true_label": 0.0,
        "prediction": -0.00015284214168787003
    },
    {
        "region": [
            4,
            14
        ],
        "timeslot": 0,
        "true_label": 0.0,
        "prediction": -2.4660024791955948e-05
    },
    {
        "region": [
            4,
            15
        ],
        "timeslot": 0,
        "true_label": 0.0,
        "prediction": -2.4462584406137466e-05
    },
    {
        "region": [
            4,
            16
        ],
        "timeslot": 0,
        "true_label": 0.0,
        "prediction": -2.4462584406137466e-05
    },
    {
        "region": [
            4,
            17
        ],
        "timeslot": 0,
        "true_label": 0.0,
        "prediction": -2.4462584406137466e-05
    },
    {
        "region": [
            4,
            18
        ],
        "timeslot": 0,
        "true_label": 0.0,
        "prediction": -2.4462584406137466e-05
    },
    {
        "region": [
            4,
            19
        ],
        "timeslot": 0,
        "true_label": 0.0,
        "prediction": -2.4462584406137466e-05
    },
    {
        "region": [
            5,
            0
        ],
        "timeslot": 0,
        "true_label": 0.0,
        "prediction": 4.605390131473541e-06
    },
    {
        "region": [
            5,
            1
        ],
        "timeslot": 0,
        "true_label": 0.016722408026755852,
        "prediction": 0.013483444228768349
    },
    {
        "region": [
            5,
            2
        ],
        "timeslot": 0,
        "true_label": 0.013377926421404682,
        "prediction": 0.00739697739481926
    },
    {
        "region": [
            5,
            3
        ],
        "timeslot": 0,
        "true_label": 0.0,
        "prediction": 0.001062324270606041
    },
    {
        "region": [
            5,
            4
        ],
        "timeslot": 0,
        "true_label": 0.0,
        "prediction": 0.0004978812066838145
    },
    {
        "region": [
            5,
            5
        ],
        "timeslot": 0,
        "true_label": 0.0,
        "prediction": -7.87973403930664e-05
    },
    {
        "region": [
            5,
            6
        ],
        "timeslot": 0,
        "true_label": 0.0,
        "prediction": 0.0013735750690102577
    },
    {
        "region": [
            5,
            7
        ],
        "timeslot": 0,
        "true_label": 0.013377926421404682,
        "prediction": 0.003751067677512765
    },
    {
        "region": [
            5,
            8
        ],
        "timeslot": 0,
        "true_label": 0.0033444816053511705,
        "prediction": 0.0024330043233931065
    },
    {
        "region": [
            5,
            9
        ],
        "timeslot": 0,
        "true_label": 0.0,
        "prediction": 0.002073482144623995
    },
    {
        "region": [
            5,
            10
        ],
        "timeslot": 0,
        "true_label": 0.0,
        "prediction": 0.001371165388263762
    },
    {
        "region": [
            5,
            11
        ],
        "timeslot": 0,
        "true_label": 0.010033444816053512,
        "prediction": 0.0018986428622156382
    },
    {
        "region": [
            5,
            12
        ],
        "timeslot": 0,
        "true_label": 0.0,
        "prediction": -0.0001257164403796196
    },
    {
        "region": [
            5,
            13
        ],
        "timeslot": 0,
        "true_label": 0.0,
        "prediction": -4.257913678884506e-05
    },
    {
        "region": [
            5,
            14
        ],
        "timeslot": 0,
        "true_label": 0.0,
        "prediction": -2.5377143174409866e-05
    },
    {
        "region": [
            5,
            15
        ],
        "timeslot": 0,
        "true_label": 0.0,
        "prediction": -2.4462584406137466e-05
    },
    {
        "region": [
            5,
            16
        ],
        "timeslot": 0,
        "true_label": 0.0,
        "prediction": -2.4462584406137466e-05
    },
    {
        "region": [
            5,
            17
        ],
        "timeslot": 0,
        "true_label": 0.0,
        "prediction": -2.4462584406137466e-05
    },
    {
        "region": [
            5,
            18
        ],
        "timeslot": 0,
        "true_label": 0.0,
        "prediction": -2.4462584406137466e-05
    },
    {
        "region": [
            5,
            19
        ],
        "timeslot": 0,
        "true_label": 0.0,
        "prediction": -2.4462584406137466e-05
    },
    {
        "region": [
            6,
            0
        ],
        "timeslot": 0,
        "true_label": 0.0,
        "prediction": 0.0024158398155122995
    },
    {
        "region": [
            6,
            1
        ],
        "timeslot": 0,
        "true_label": 0.026755852842809364,
        "prediction": 0.007708731573075056
    },
    {
        "region": [
            6,
            2
        ],
        "timeslot": 0,
        "true_label": 0.0,
        "prediction": 0.010574466548860073
    },
    {
        "region": [
            6,
            3
        ],
        "timeslot": 0,
        "true_label": 0.010033444816053512,
        "prediction": 0.0025966272223740816
    },
    {
        "region": [
            6,
            4
        ],
        "timeslot": 0,
        "true_label": 0.0,
        "prediction": -0.0007168257725425065
    },
    {
        "region": [
            6,
            5
        ],
        "timeslot": 0,
        "true_label": 0.0,
        "prediction": 0.0004709492204710841
    },
    {
        "region": [
            6,
            6
        ],
        "timeslot": 0,
        "true_label": 0.0,
        "prediction": -0.0004729590436909348
    },
    {
        "region": [
            6,
            7
        ],
        "timeslot": 0,
        "true_label": 0.0033444816053511705,
        "prediction": -0.0007216369267553091
    },
    {
        "region": [
            6,
            8
        ],
        "timeslot": 0,
        "true_label": 0.010033444816053512,
        "prediction": -0.0020211786031723022
    },
    {
        "region": [
            6,
            9
        ],
        "timeslot": 0,
        "true_label": 0.010033444816053512,
        "prediction": 0.0008437011856585741
    },
    {
        "region": [
            6,
            10
        ],
        "timeslot": 0,
        "true_label": 0.0,
        "prediction": 0.0009272621828131378
    },
    {
        "region": [
            6,
            11
        ],
        "timeslot": 0,
        "true_label": 0.0,
        "prediction": -0.0005974823725409806
    },
    {
        "region": [
            6,
            12
        ],
        "timeslot": 0,
        "true_label": 0.0,
        "prediction": -9.877234697341919e-05
    },
    {
        "region": [
            6,
            13
        ],
        "timeslot": 0,
        "true_label": 0.0,
        "prediction": 6.347615271806717e-05
    },
    {
        "region": [
            6,
            14
        ],
        "timeslot": 0,
        "true_label": 0.0,
        "prediction": -2.6710331439971924e-05
    },
    {
        "region": [
            6,
            15
        ],
        "timeslot": 0,
        "true_label": 0.0,
        "prediction": -2.4462584406137466e-05
    },
    {
        "region": [
            6,
            16
        ],
        "timeslot": 0,
        "true_label": 0.0,
        "prediction": -2.4462584406137466e-05
    },
    {
        "region": [
            6,
            17
        ],
        "timeslot": 0,
        "true_label": 0.0,
        "prediction": -2.4462584406137466e-05
    },
    {
        "region": [
            6,
            18
        ],
        "timeslot": 0,
        "true_label": 0.0,
        "prediction": -2.4462584406137466e-05
    },
    {
        "region": [
            6,
            19
        ],
        "timeslot": 0,
        "true_label": 0.0,
        "prediction": -2.4462584406137466e-05
    },
    {
        "region": [
            7,
            0
        ],
        "timeslot": 0,
        "true_label": 0.0,
        "prediction": 0.0006212963489815593
    },
    {
        "region": [
            7,
            1
        ],
        "timeslot": 0,
        "true_label": 0.0033444816053511705,
        "prediction": 0.001310889609158039
    },
    {
        "region": [
            7,
            2
        ],
        "timeslot": 0,
        "true_label": 0.0,
        "prediction": 0.000355736818164587
    },
    {
        "region": [
            7,
            3
        ],
        "timeslot": 0,
        "true_label": 0.0,
        "prediction": 0.00044566430733539164
    },
    {
        "region": [
            7,
            4
        ],
        "timeslot": 0,
        "true_label": 0.0,
        "prediction": 0.0003058500587940216
    },
    {
        "region": [
            7,
            5
        ],
        "timeslot": 0,
        "true_label": 0.0,
        "prediction": 0.0010446266969665885
    },
    {
        "region": [
            7,
            6
        ],
        "timeslot": 0,
        "true_label": 0.0,
        "prediction": 0.0013743769377470016
    },
    {
        "region": [
            7,
            7
        ],
        "timeslot": 0,
        "true_label": 0.0,
        "prediction": -0.00020563742145895958
    },
    {
        "region": [
            7,
            8
        ],
        "timeslot": 0,
        "true_label": 0.0,
        "prediction": -0.0006647751433774829
    },
    {
        "region": [
            7,
            9
        ],
        "timeslot": 0,
        "true_label": 0.0,
        "prediction": -0.00021578604355454445
    },
    {
        "region": [
            7,
            10
        ],
        "timeslot": 0,
        "true_label": 0.0,
        "prediction": 0.0004655941447708756
    },
    {
        "region": [
            7,
            11
        ],
        "timeslot": 0,
        "true_label": 0.0,
        "prediction": -0.0001961858943104744
    },
    {
        "region": [
            7,
            12
        ],
        "timeslot": 0,
        "true_label": 0.0,
        "prediction": -0.00011505326256155968
    },
    {
        "region": [
            7,
            13
        ],
        "timeslot": 0,
        "true_label": 0.0,
        "prediction": -4.605436697602272e-05
    },
    {
        "region": [
            7,
            14
        ],
        "timeslot": 0,
        "true_label": 0.0,
        "prediction": -2.707773819565773e-05
    },
    {
        "region": [
            7,
            15
        ],
        "timeslot": 0,
        "true_label": 0.0,
        "prediction": -2.4462584406137466e-05
    },
    {
        "region": [
            7,
            16
        ],
        "timeslot": 0,
        "true_label": 0.0,
        "prediction": -2.4462584406137466e-05
    },
    {
        "region": [
            7,
            17
        ],
        "timeslot": 0,
        "true_label": 0.0,
        "prediction": -2.4462584406137466e-05
    },
    {
        "region": [
            7,
            18
        ],
        "timeslot": 0,
        "true_label": 0.0,
        "prediction": -2.4462584406137466e-05
    },
    {
        "region": [
            7,
            19
        ],
        "timeslot": 0,
        "true_label": 0.0,
        "prediction": -2.4462584406137466e-05
    },
    {
        "region": [
            8,
            0
        ],
        "timeslot": 0,
        "true_label": 0.0,
        "prediction": -0.00013642571866512299
    },
    {
        "region": [
            8,
            1
        ],
        "timeslot": 0,
        "true_label": 0.0,
        "prediction": -0.00016730045899748802
    },
    {
        "region": [
            8,
            2
        ],
        "timeslot": 0,
        "true_label": 0.0,
        "prediction": -0.00015274342149496078
    },
    {
        "region": [
            8,
            3
        ],
        "timeslot": 0,
        "true_label": 0.0,
        "prediction": 8.046906441450119e-05
    },
    {
        "region": [
            8,
            4
        ],
        "timeslot": 0,
        "true_label": 0.0,
        "prediction": 3.616325557231903e-05
    },
    {
        "region": [
            8,
            5
        ],
        "timeslot": 0,
        "true_label": 0.0,
        "prediction": 0.00013542082160711288
    },
    {
        "region": [
            8,
            6
        ],
        "timeslot": 0,
        "true_label": 0.0,
        "prediction": 0.0001522577367722988
    },
    {
        "region": [
            8,
            7
        ],
        "timeslot": 0,
        "true_label": 0.0,
        "prediction": 0.0001849052496254444
    },
    {
        "region": [
            8,
            8
        ],
        "timeslot": 0,
        "true_label": 0.0,
        "prediction": -8.233031257987022e-05
    },
    {
        "region": [
            8,
            9
        ],
        "timeslot": 0,
        "true_label": 0.0,
        "prediction": -0.00025192275643348694
    },
    {
        "region": [
            8,
            10
        ],
        "timeslot": 0,
        "true_label": 0.0,
        "prediction": -2.6182737201452255e-05
    },
    {
        "region": [
            8,
            11
        ],
        "timeslot": 0,
        "true_label": 0.0,
        "prediction": 7.044151425361633e-05
    },
    {
        "region": [
            8,
            12
        ],
        "timeslot": 0,
        "true_label": 0.0,
        "prediction": 3.4137628972530365e-06
    },
    {
        "region": [
            8,
            13
        ],
        "timeslot": 0,
        "true_label": 0.0,
        "prediction": -2.826005220413208e-05
    },
    {
        "region": [
            8,
            14
        ],
        "timeslot": 0,
        "true_label": 0.0,
        "prediction": -2.5101006031036377e-05
    },
    {
        "region": [
            8,
            15
        ],
        "timeslot": 0,
        "true_label": 0.0,
        "prediction": -2.4462584406137466e-05
    },
    {
        "region": [
            8,
            16
        ],
        "timeslot": 0,
        "true_label": 0.0,
        "prediction": -2.4462584406137466e-05
    },
    {
        "region": [
            8,
            17
        ],
        "timeslot": 0,
        "true_label": 0.0,
        "prediction": -2.4462584406137466e-05
    },
    {
        "region": [
            8,
            18
        ],
        "timeslot": 0,
        "true_label": 0.0,
        "prediction": -2.4462584406137466e-05
    },
    {
        "region": [
            8,
            19
        ],
        "timeslot": 0,
        "true_label": 0.0,
        "prediction": -2.4462584406137466e-05
    },
    {
        "region": [
            9,
            0
        ],
        "timeslot": 0,
        "true_label": 0.0,
        "prediction": -7.345201447606087e-05
    },
    {
        "region": [
            9,
            1
        ],
        "timeslot": 0,
        "true_label": 0.0,
        "prediction": -2.1782703697681427e-05
    },
    {
        "region": [
            9,
            2
        ],
        "timeslot": 0,
        "true_label": 0.0,
        "prediction": -0.00010848045349121094
    },
    {
        "region": [
            9,
            3
        ],
        "timeslot": 0,
        "true_label": 0.0,
        "prediction": -0.00012369966134428978
    },
    {
        "region": [
            9,
            4
        ],
        "timeslot": 0,
        "true_label": 0.0,
        "prediction": -5.865655839443207e-05
    },
    {
        "region": [
            9,
            5
        ],
        "timeslot": 0,
        "true_label": 0.0,
        "prediction": -4.580244421958923e-06
    },
    {
        "region": [
            9,
            6
        ],
        "timeslot": 0,
        "true_label": 0.0,
        "prediction": -8.128071203827858e-05
    },
    {
        "region": [
            9,
            7
        ],
        "timeslot": 0,
        "true_label": 0.0,
        "prediction": -2.5257468223571777e-06
    },
    {
        "region": [
            9,
            8
        ],
        "timeslot": 0,
        "true_label": 0.0,
        "prediction": -7.617846131324768e-05
    },
    {
        "region": [
            9,
            9
        ],
        "timeslot": 0,
        "true_label": 0.0,
        "prediction": -3.347732126712799e-05
    },
    {
        "region": [
            9,
            10
        ],
        "timeslot": 0,
        "true_label": 0.0,
        "prediction": -3.9132777601480484e-05
    },
    {
        "region": [
            9,
            11
        ],
        "timeslot": 0,
        "true_label": 0.0,
        "prediction": -4.6953558921813965e-05
    },
    {
        "region": [
            9,
            12
        ],
        "timeslot": 0,
        "true_label": 0.0,
        "prediction": -2.8084032237529755e-05
    },
    {
        "region": [
            9,
            13
        ],
        "timeslot": 0,
        "true_label": 0.0,
        "prediction": -2.530030906200409e-05
    },
    {
        "region": [
            9,
            14
        ],
        "timeslot": 0,
        "true_label": 0.0,
        "prediction": -2.4837907403707504e-05
    },
    {
        "region": [
            9,
            15
        ],
        "timeslot": 0,
        "true_label": 0.0,
        "prediction": -2.4462584406137466e-05
    },
    {
        "region": [
            9,
            16
        ],
        "timeslot": 0,
        "true_label": 0.0,
        "prediction": -2.4462584406137466e-05
    },
    {
        "region": [
            9,
            17
        ],
        "timeslot": 0,
        "true_label": 0.0,
        "prediction": -2.4462584406137466e-05
    },
    {
        "region": [
            9,
            18
        ],
        "timeslot": 0,
        "true_label": 0.0,
        "prediction": -2.4462584406137466e-05
    },
    {
        "region": [
            9,
            19
        ],
        "timeslot": 0,
        "true_label": 0.0,
        "prediction": -2.4462584406137466e-05
    }
]