[
    {
        "region": [
            0,
            0
        ],
        "timeslot": 0,
        "true_label": 0.0033444816053511705,
        "prediction": 0.0025112656876444817
    },
    {
        "region": [
            0,
            1
        ],
        "timeslot": 0,
        "true_label": 0.0033444816053511705,
        "prediction": 0.01359963696449995
    },
    {
        "region": [
            0,
            2
        ],
        "timeslot": 0,
        "true_label": 0.0033444816053511705,
        "prediction": 0.007555941119790077
    },
    {
        "region": [
            0,
            3
        ],
        "timeslot": 0,
        "true_label": 0.0,
        "prediction": 0.0011989774648100138
    },
    {
        "region": [
            0,
            4
        ],
        "timeslot": 0,
        "true_label": 0.0,
        "prediction": -0.0026829345151782036
    },
    {
        "region": [
            0,
            5
        ],
        "timeslot": 0,
        "true_label": 0.0,
        "prediction": -0.00029750028625130653
    },
    {
        "region": [
            0,
            6
        ],
        "timeslot": 0,
        "true_label": 0.0,
        "prediction": -0.0016250528860837221
    },
    {
        "region": [
            0,
            7
        ],
        "timeslot": 0,
        "true_label": 0.0,
        "prediction": -0.0005856750649400055
    },
    {
        "region": [
            0,
            8
        ],
        "timeslot": 0,
        "true_label": 0.0,
        "prediction": -0.00029123108834028244
    },
    {
        "region": [
            0,
            9
        ],
        "timeslot": 0,
        "true_label": 0.0,
        "prediction": -0.00023360969498753548
    },
    {
        "region": [
            0,
            10
        ],
        "timeslot": 0,
        "true_label": 0.0,
        "prediction": -0.00011675339192152023
    },
    {
        "region": [
            0,
            11
        ],
        "timeslot": 0,
        "true_label": 0.0,
        "prediction": -0.00010460149496793747
    },
    {
        "region": [
            0,
            12
        ],
        "timeslot": 0,
        "true_label": 0.0,
        "prediction": -0.00010902993381023407
    },
    {
        "region": [
            0,
            13
        ],
        "timeslot": 0,
        "true_label": 0.0,
        "prediction": -0.0001096995547413826
    },
    {
        "region": [
            0,
            14
        ],
        "timeslot": 0,
        "true_label": 0.0,
        "prediction": -0.00010989140719175339
    },
    {
        "region": [
            0,
            15
        ],
        "timeslot": 0,
        "true_label": 0.0,
        "prediction": -0.00010989140719175339
    },
    {
        "region": [
            0,
            16
        ],
        "timeslot": 0,
        "true_label": 0.0,
        "prediction": -0.00010989140719175339
    },
    {
        "region": [
            0,
            17
        ],
        "timeslot": 0,
        "true_label": 0.0,
        "prediction": -0.00010989140719175339
    },
    {
        "region": [
            0,
            18
        ],
        "timeslot": 0,
        "true_label": 0.0,
        "prediction": -0.00010989140719175339
    },
    {
        "region": [
            0,
            19
        ],
        "timeslot": 0,
        "true_label": 0.0,
        "prediction": -0.00010989140719175339
    },
    {
        "region": [
            1,
            0
        ],
        "timeslot": 0,
        "true_label": 0.013377926421404682,
        "prediction": 0.005589255131781101
    },
    {
        "region": [
            1,
            1
        ],
        "timeslot": 0,
        "true_label": 0.010033444816053512,
        "prediction": 0.011804206296801567
    },
    {
        "region": [
            1,
            2
        ],
        "timeslot": 0,
        "true_label": 0.010033444816053512,
        "prediction": 0.01404488179832697
    },
    {
        "region": [
            1,
            3
        ],
        "timeslot": 0,
        "true_label": 0.046822742474916385,
        "prediction": 0.03552711755037308
    },
    {
        "region": [
            1,
            4
        ],
        "timeslot": 0,
        "true_label": 0.03678929765886288,
        "prediction": 0.037077829241752625
    },
    {
        "region": [
            1,
            5
        ],
        "timeslot": 0,
        "true_label": 0.020066889632107024,
        "prediction": 0.023913266137242317
    },
    {
        "region": [
            1,
            6
        ],
        "timeslot": 0,
        "true_label": 0.0,
        "prediction": 0.0012891736114397645
    },
    {
        "region": [
            1,
            7
        ],
        "timeslot": 0,
        "true_label": 0.006688963210702341,
        "prediction": 0.008540572598576546
    },
    {
        "region": [
            1,
            8
        ],
        "timeslot": 0,
        "true_label": 0.0,
        "prediction": -0.0005260351463221014
    },
    {
        "region": [
            1,
            9
        ],
        "timeslot": 0,
        "true_label": 0.0,
        "prediction": -0.0005805085529573262
    },
    {
        "region": [
            1,
            10
        ],
        "timeslot": 0,
        "true_label": 0.0,
        "prediction": -0.00045569095527753234
    },
    {
        "region": [
            1,
            11
        ],
        "timeslot": 0,
        "true_label": 0.0,
        "prediction": -0.0001373523846268654
    },
    {
        "region": [
            1,
            12
        ],
        "timeslot": 0,
        "true_label": 0.0,
        "prediction": -0.00011439714580774307
    },
    {
        "region": [
            1,
            13
        ],
        "timeslot": 0,
        "true_label": 0.0,
        "prediction": -0.00011080410331487656
    },
    {
        "region": [
            1,
            14
        ],
        "timeslot": 0,
        "true_label": 0.0,
        "prediction": -0.0001090075820684433
    },
    {
        "region": [
            1,
            15
        ],
        "timeslot": 0,
        "true_label": 0.0,
        "prediction": -0.00010989140719175339
    },
    {
        "region": [
            1,
            16
        ],
        "timeslot": 0,
        "true_label": 0.0,
        "prediction": -0.00010989140719175339
    },
    {
        "region": [
            1,
            17
        ],
        "timeslot": 0,
        "true_label": 0.0,
        "prediction": -0.00010989140719175339
    },
    {
        "region": [
            1,
            18
        ],
        "timeslot": 0,
        "true_label": 0.0,
        "prediction": -0.00010989140719175339
    },
    {
        "region": [
            1,
            19
        ],
        "timeslot": 0,
        "true_label": 0.0,
        "prediction": -0.00010989140719175339
    },
    {
        "region": [
            2,
            0
        ],
        "timeslot": 0,
        "true_label": 0.0,
        "prediction": -0.0012368999887257814
    },
    {
        "region": [
            2,
            1
        ],
        "timeslot": 0,
        "true_label": 0.0033444816053511705,
        "prediction": 0.01809372939169407
    },
    {
        "region": [
            2,
            2
        ],
        "timeslot": 0,
        "true_label": 0.056856187290969896,
        "prediction": 0.044848211109638214
    },
    {
        "region": [
            2,
            3
        ],
        "timeslot": 0,
        "true_label": 0.023411371237458192,
        "prediction": 0.03114461712539196
    },
    {
        "region": [
            2,
            4
        ],
        "timeslot": 0,
        "true_label": 0.013377926421404682,
        "prediction": 0.025667376816272736
    },
    {
        "region": [
            2,
            5
        ],
        "timeslot": 0,
        "true_label": 0.0033444816053511705,
        "prediction": 0.04730464518070221
    },
    {
        "region": [
            2,
            6
        ],
        "timeslot": 0,
        "true_label": 0.033444816053511704,
        "prediction": 0.033618438988924026
    },
    {
        "region": [
            2,
            7
        ],
        "timeslot": 0,
        "true_label": 0.010033444816053512,
        "prediction": 0.00821218267083168
    },
    {
        "region": [
            2,
            8
        ],
        "timeslot": 0,
        "true_label": 0.0,
        "prediction": 0.004746627993881702
    },
    {
        "region": [
            2,
            9
        ],
        "timeslot": 0,
        "true_label": 0.0,
        "prediction": -0.0011050398461520672
    },
    {
        "region": [
            2,
            10
        ],
        "timeslot": 0,
        "true_label": 0.0,
        "prediction": -0.0005154771497473121
    },
    {
        "region": [
            2,
            11
        ],
        "timeslot": 0,
        "true_label": 0.0,
        "prediction": -0.00034772511571645737
    },
    {
        "region": [
            2,
            12
        ],
        "timeslot": 0,
        "true_label": 0.0,
        "prediction": -0.00013760244473814964
    },
    {
        "region": [
            2,
            13
        ],
        "timeslot": 0,
        "true_label": 0.0,
        "prediction": -0.0001434595324099064
    },
    {
        "region": [
            2,
            14
        ],
        "timeslot": 0,
        "true_label": 0.0,
        "prediction": -0.00011150864884257317
    },
    {
        "region": [
            2,
            15
        ],
        "timeslot": 0,
        "true_label": 0.0,
        "prediction": -0.00010989140719175339
    },
    {
        "region": [
            2,
            16
        ],
        "timeslot": 0,
        "true_label": 0.0,
        "prediction": -0.00010989140719175339
    },
    {
        "region": [
            2,
            17
        ],
        "timeslot": 0,
        "true_label": 0.0,
        "prediction": -0.00010989140719175339
    },
    {
        "region": [
            2,
            18
        ],
        "timeslot": 0,
        "true_label": 0.0,
        "prediction": -0.00010989140719175339
    },
    {
        "region": [
            2,
            19
        ],
        "timeslot": 0,
        "true_label": 0.0,
        "prediction": -0.00010989140719175339
    },
    {
        "region": [
            3,
            0
        ],
        "timeslot": 0,
        "true_label": 0.0,
        "prediction": 9.799981489777565e-05
    },
    {
        "region": [
            3,
            1
        ],
        "timeslot": 0,
        "true_label": 0.0033444816053511705,
        "prediction": 0.012622308917343616
    },
    {
        "region": [
            3,
            2
        ],
        "timeslot": 0,
        "true_label": 0.026755852842809364,
        "prediction": 0.03853503242135048
    },
    {
        "region": [
            3,
            3
        ],
        "timeslot": 0,
        "true_label": 0.05016722408026756,
        "prediction": 0.043685223907232285
    },
    {
        "region": [
            3,
            4
        ],
        "timeslot": 0,
        "true_label": 0.013377926421404682,
        "prediction": 0.015901871025562286
    },
    {
        "region": [
            3,
            5
        ],
        "timeslot": 0,
        "true_label": 0.016722408026755852,
        "prediction": 0.01231683325022459
    },
    {
        "region": [
            3,
            6
        ],
        "timeslot": 0,
        "true_label": 0.010033444816053512,
        "prediction": 0.011113407090306282
    },
    {
        "region": [
            3,
            7
        ],
        "timeslot": 0,
        "true_label": 0.016722408026755852,
        "prediction": 0.019746338948607445
    },
    {
        "region": [
            3,
            8
        ],
        "timeslot": 0,
        "true_label": 0.026755852842809364,
        "prediction": 0.013966581784188747
    },
    {
        "region": [
            3,
            9
        ],
        "timeslot": 0,
        "true_label": 0.0,
        "prediction": 0.007082099094986916
    },
    {
        "region": [
            3,
            10
        ],
        "timeslot": 0,
        "true_label": 0.0,
        "prediction": 0.003048470476642251
    },
    {
        "region": [
            3,
            11
        ],
        "timeslot": 0,
        "true_label": 0.0,
        "prediction": -0.0005721932393498719
    },
    {
        "region": [
            3,
            12
        ],
        "timeslot": 0,
        "true_label": 0.0,
        "prediction": -0.00014635594561696053
    },
    {
        "region": [
            3,
            13
        ],
        "timeslot": 0,
        "true_label": 0.0,
        "prediction": -0.00016618706285953522
    },
    {
        "region": [
            3,
            14
        ],
        "timeslot": 0,
        "true_label": 0.0,
        "prediction": -0.00011036451905965805
    },
    {
        "region": [
            3,
            15
        ],
        "timeslot": 0,
        "true_label": 0.0,
        "prediction": -0.00010989140719175339
    },
    {
        "region": [
            3,
            16
        ],
        "timeslot": 0,
        "true_label": 0.0,
        "prediction": -0.00010989140719175339
    },
    {
        "region": [
            3,
            17
        ],
        "timeslot": 0,
        "true_label": 0.0,
        "prediction": -0.00010989140719175339
    },
    {
        "region": [
            3,
            18
        ],
        "timeslot": 0,
        "true_label": 0.0,
        "prediction": -0.00010989140719175339
    },
    {
        "region": [
            3,
            19
        ],
        "timeslot": 0,
        "true_label": 0.0,
        "prediction": -0.00010989140719175339
    },
    {
        "region": [
            4,
            0
        ],
        "timeslot": 0,
        "true_label": 0.0,
        "prediction": -0.0005678635207004845
    },
    {
        "region": [
            4,
            1
        ],
        "timeslot": 0,
        "true_label": 0.0,
        "prediction": 0.0011183680035173893
    },
    {
        "region": [
            4,
            2
        ],
        "timeslot": 0,
        "true_label": 0.0,
        "prediction": 0.004412436857819557
    },
    {
        "region": [
            4,
            3
        ],
        "timeslot": 0,
        "true_label": 0.0,
        "prediction": 0.0027789920568466187
    },
    {
        "region": [
            4,
            4
        ],
        "timeslot": 0,
        "true_label": 0.0,
        "prediction": 0.0021681482903659344
    },
    {
        "region": [
            4,
            5
        ],
        "timeslot": 0,
        "true_label": 0.0033444816053511705,
        "prediction": 0.013092759996652603
    },
    {
        "region": [
            4,
            6
        ],
        "timeslot": 0,
        "true_label": 0.006688963210702341,
        "prediction": 0.003223078791052103
    },
    {
        "region": [
            4,
            7
        ],
        "timeslot": 0,
        "true_label": 0.0033444816053511705,
        "prediction": 0.013608814217150211
    },
    {
        "region": [
            4,
            8
        ],
        "timeslot": 0,
        "true_label": 0.0,
        "prediction": 0.004775153938680887
    },
    {
        "region": [
            4,
            9
        ],
        "timeslot": 0,
        "true_label": 0.0033444816053511705,
        "prediction": 0.0063331350684165955
    },
    {
        "region": [
            4,
            10
        ],
        "timeslot": 0,
        "true_label": 0.0,
        "prediction": 0.0035027069970965385
    },
    {
        "region": [
            4,
            11
        ],
        "timeslot": 0,
        "true_label": 0.0,
        "prediction": 0.0004995883791707456
    },
    {
        "region": [
            4,
            12
        ],
        "timeslot": 0,
        "true_label": 0.0,
        "prediction": -0.00020733382552862167
    },
    {
        "region": [
            4,
            13
        ],
        "timeslot": 0,
        "true_label": 0.0,
        "prediction": -0.00023123901337385178
    },
    {
        "region": [
            4,
            14
        ],
        "timeslot": 0,
        "true_label": 0.0,
        "prediction": -0.00011103879660367966
    },
    {
        "region": [
            4,
            15
        ],
        "timeslot": 0,
        "true_label": 0.0,
        "prediction": -0.00010989140719175339
    },
    {
        "region": [
            4,
            16
        ],
        "timeslot": 0,
        "true_label": 0.0,
        "prediction": -0.00010989140719175339
    },
    {
        "region": [
            4,
            17
        ],
        "timeslot": 0,
        "true_label": 0.0,
        "prediction": -0.00010989140719175339
    },
    {
        "region": [
            4,
            18
        ],
        "timeslot": 0,
        "true_label": 0.0,
        "prediction": -0.00010989140719175339
    },
    {
        "region": [
            4,
            19
        ],
        "timeslot": 0,
        "true_label": 0.0,
        "prediction": -0.00010989140719175339
    },
    {
        "region": [
            5,
            0
        ],
        "timeslot": 0,
        "true_label": 0.0,
        "prediction": 0.00032940832898020744
    },
    {
        "region": [
            5,
            1
        ],
        "timeslot": 0,
        "true_label": 0.023411371237458192,
        "prediction": 0.016266176477074623
    },
    {
        "region": [
            5,
            2
        ],
        "timeslot": 0,
        "true_label": 0.010033444816053512,
        "prediction": 0.014944233000278473
    },
    {
        "region": [
            5,
            3
        ],
        "timeslot": 0,
        "true_label": 0.016722408026755852,
        "prediction": 0.004055223427712917
    },
    {
        "region": [
            5,
            4
        ],
        "timeslot": 0,
        "true_label": 0.0,
        "prediction": -0.00027256645262241364
    },
    {
        "region": [
            5,
            5
        ],
        "timeslot": 0,
        "true_label": 0.0,
        "prediction": -0.00042648654198274016
    },
    {
        "region": [
            5,
            6
        ],
        "timeslot": 0,
        "true_label": 0.0,
        "prediction": 0.0013568783178925514
    },
    {
        "region": [
            5,
            7
        ],
        "timeslot": 0,
        "true_label": 0.0,
        "prediction": 0.004868621937930584
    },
    {
        "region": [
            5,
            8
        ],
        "timeslot": 0,
        "true_label": 0.0,
        "prediction": 0.0049270689487457275
    },
    {
        "region": [
            5,
            9
        ],
        "timeslot": 0,
        "true_label": 0.0,
        "prediction": 0.004997690673917532
    },
    {
        "region": [
            5,
            10
        ],
        "timeslot": 0,
        "true_label": 0.0,
        "prediction": 0.002093170303851366
    },
    {
        "region": [
            5,
            11
        ],
        "timeslot": 0,
        "true_label": 0.0033444816053511705,
        "prediction": 0.0014898782828822732
    },
    {
        "region": [
            5,
            12
        ],
        "timeslot": 0,
        "true_label": 0.0,
        "prediction": -0.0002688877284526825
    },
    {
        "region": [
            5,
            13
        ],
        "timeslot": 0,
        "true_label": 0.0,
        "prediction": -0.00030825845897197723
    },
    {
        "region": [
            5,
            14
        ],
        "timeslot": 0,
        "true_label": 0.0,
        "prediction": -0.00011205021291971207
    },
    {
        "region": [
            5,
            15
        ],
        "timeslot": 0,
        "true_label": 0.0,
        "prediction": -0.00010989140719175339
    },
    {
        "region": [
            5,
            16
        ],
        "timeslot": 0,
        "true_label": 0.0,
        "prediction": -0.00010989140719175339
    },
    {
        "region": [
            5,
            17
        ],
        "timeslot": 0,
        "true_label": 0.0,
        "prediction": -0.00010989140719175339
    },
    {
        "region": [
            5,
            18
        ],
        "timeslot": 0,
        "true_label": 0.0,
        "prediction": -0.00010989140719175339
    },
    {
        "region": [
            5,
            19
        ],
        "timeslot": 0,
        "true_label": 0.0,
        "prediction": -0.00010989140719175339
    },
    {
        "region": [
            6,
            0
        ],
        "timeslot": 0,
        "true_label": 0.0,
        "prediction": 0.002004164969548583
    },
    {
        "region": [
            6,
            1
        ],
        "timeslot": 0,
        "true_label": 0.010033444816053512,
        "prediction": 0.009258768521249294
    },
    {
        "region": [
            6,
            2
        ],
        "timeslot": 0,
        "true_label": 0.006688963210702341,
        "prediction": 0.01027793250977993
    },
    {
        "region": [
            6,
            3
        ],
        "timeslot": 0,
        "true_label": 0.0,
        "prediction": 0.0026370470877736807
    },
    {
        "region": [
            6,
            4
        ],
        "timeslot": 0,
        "true_label": 0.0033444816053511705,
        "prediction": 0.00017828913405537605
    },
    {
        "region": [
            6,
            5
        ],
        "timeslot": 0,
        "true_label": 0.0,
        "prediction": 0.00010161474347114563
    },
    {
        "region": [
            6,
            6
        ],
        "timeslot": 0,
        "true_label": 0.0,
        "prediction": -0.0010082214139401913
    },
    {
        "region": [
            6,
            7
        ],
        "timeslot": 0,
        "true_label": 0.0,
        "prediction": 0.0001447545364499092
    },
    {
        "region": [
            6,
            8
        ],
        "timeslot": 0,
        "true_label": 0.006688963210702341,
        "prediction": 0.009262021631002426
    },
    {
        "region": [
            6,
            9
        ],
        "timeslot": 0,
        "true_label": 0.013377926421404682,
        "prediction": 0.008396424353122711
    },
    {
        "region": [
            6,
            10
        ],
        "timeslot": 0,
        "true_label": 0.0,
        "prediction": 0.0023400364443659782
    },
    {
        "region": [
            6,
            11
        ],
        "timeslot": 0,
        "true_label": 0.0,
        "prediction": -0.0012662784429267049
    },
    {
        "region": [
            6,
            12
        ],
        "timeslot": 0,
        "true_label": 0.0,
        "prediction": -0.0003581419587135315
    },
    {
        "region": [
            6,
            13
        ],
        "timeslot": 0,
        "true_label": 0.0,
        "prediction": -0.00018867803737521172
    },
    {
        "region": [
            6,
            14
        ],
        "timeslot": 0,
        "true_label": 0.0,
        "prediction": -0.0001112036406993866
    },
    {
        "region": [
            6,
            15
        ],
        "timeslot": 0,
        "true_label": 0.0,
        "prediction": -0.00010989140719175339
    },
    {
        "region": [
            6,
            16
        ],
        "timeslot": 0,
        "true_label": 0.0,
        "prediction": -0.00010989140719175339
    },
    {
        "region": [
            6,
            17
        ],
        "timeslot": 0,
        "true_label": 0.0,
        "prediction": -0.00010989140719175339
    },
    {
        "region": [
            6,
            18
        ],
        "timeslot": 0,
        "true_label": 0.0,
        "prediction": -0.00010989140719175339
    },
    {
        "region": [
            6,
            19
        ],
        "timeslot": 0,
        "true_label": 0.0,
        "prediction": -0.00010989140719175339
    },
    {
        "region": [
            7,
            0
        ],
        "timeslot": 0,
        "true_label": 0.0,
        "prediction": 0.0009526662761345506
    },
    {
        "region": [
            7,
            1
        ],
        "timeslot": 0,
        "true_label": 0.0,
        "prediction": 0.0005524837179109454
    },
    {
        "region": [
            7,
            2
        ],
        "timeslot": 0,
        "true_label": 0.0,
        "prediction": 0.00010996963828802109
    },
    {
        "region": [
            7,
            3
        ],
        "timeslot": 0,
        "true_label": 0.0,
        "prediction": -0.0007739283610135317
    },
    {
        "region": [
            7,
            4
        ],
        "timeslot": 0,
        "true_label": 0.0,
        "prediction": -0.0004939342616125941
    },
    {
        "region": [
            7,
            5
        ],
        "timeslot": 0,
        "true_label": 0.0,
        "prediction": 0.0022477058228105307
    },
    {
        "region": [
            7,
            6
        ],
        "timeslot": 0,
        "true_label": 0.0,
        "prediction": 0.00029344484210014343
    },
    {
        "region": [
            7,
            7
        ],
        "timeslot": 0,
        "true_label": 0.0,
        "prediction": -0.0005860392120666802
    },
    {
        "region": [
            7,
            8
        ],
        "timeslot": 0,
        "true_label": 0.0,
        "prediction": -0.0006283399416133761
    },
    {
        "region": [
            7,
            9
        ],
        "timeslot": 0,
        "true_label": 0.0,
        "prediction": -0.0002442728728055954
    },
    {
        "region": [
            7,
            10
        ],
        "timeslot": 0,
        "true_label": 0.0,
        "prediction": 0.00011061597615480423
    },
    {
        "region": [
            7,
            11
        ],
        "timeslot": 0,
        "true_label": 0.0,
        "prediction": -0.000473597930977121
    },
    {
        "region": [
            7,
            12
        ],
        "timeslot": 0,
        "true_label": 0.0,
        "prediction": -0.0003797248937189579
    },
    {
        "region": [
            7,
            13
        ],
        "timeslot": 0,
        "true_label": 0.0,
        "prediction": -0.0001943442039191723
    },
    {
        "region": [
            7,
            14
        ],
        "timeslot": 0,
        "true_label": 0.0,
        "prediction": -0.00011174427345395088
    },
    {
        "region": [
            7,
            15
        ],
        "timeslot": 0,
        "true_label": 0.0,
        "prediction": -0.00010989140719175339
    },
    {
        "region": [
            7,
            16
        ],
        "timeslot": 0,
        "true_label": 0.0,
        "prediction": -0.00010989140719175339
    },
    {
        "region": [
            7,
            17
        ],
        "timeslot": 0,
        "true_label": 0.0,
        "prediction": -0.00010989140719175339
    },
    {
        "region": [
            7,
            18
        ],
        "timeslot": 0,
        "true_label": 0.0,
        "prediction": -0.00010989140719175339
    },
    {
        "region": [
            7,
            19
        ],
        "timeslot": 0,
        "true_label": 0.0,
        "prediction": -0.00010989140719175339
    },
    {
        "region": [
            8,
            0
        ],
        "timeslot": 0,
        "true_label": 0.0,
        "prediction": -0.0003235219046473503
    },
    {
        "region": [
            8,
            1
        ],
        "timeslot": 0,
        "true_label": 0.0,
        "prediction": -0.0005786789697594941
    },
    {
        "region": [
            8,
            2
        ],
        "timeslot": 0,
        "true_label": 0.0,
        "prediction": -0.000421502540120855
    },
    {
        "region": [
            8,
            3
        ],
        "timeslot": 0,
        "true_label": 0.0,
        "prediction": -0.0005770887364633381
    },
    {
        "region": [
            8,
            4
        ],
        "timeslot": 0,
        "true_label": 0.0,
        "prediction": -0.0005974842351861298
    },
    {
        "region": [
            8,
            5
        ],
        "timeslot": 0,
        "true_label": 0.0,
        "prediction": -0.00013852305710315704
    },
    {
        "region": [
            8,
            6
        ],
        "timeslot": 0,
        "true_label": 0.0,
        "prediction": -2.0818784832954407e-05
    },
    {
        "region": [
            8,
            7
        ],
        "timeslot": 0,
        "true_label": 0.0,
        "prediction": -0.0001988755539059639
    },
    {
        "region": [
            8,
            8
        ],
        "timeslot": 0,
        "true_label": 0.0,
        "prediction": -0.00030470825731754303
    },
    {
        "region": [
            8,
            9
        ],
        "timeslot": 0,
        "true_label": 0.0,
        "prediction": -0.0003948337398469448
    },
    {
        "region": [
            8,
            10
        ],
        "timeslot": 0,
        "true_label": 0.0,
        "prediction": -0.0003621568903326988
    },
    {
        "region": [
            8,
            11
        ],
        "timeslot": 0,
        "true_label": 0.0,
        "prediction": -0.0002671307884156704
    },
    {
        "region": [
            8,
            12
        ],
        "timeslot": 0,
        "true_label": 0.0,
        "prediction": -0.00021949224174022675
    },
    {
        "region": [
            8,
            13
        ],
        "timeslot": 0,
        "true_label": 0.0,
        "prediction": -0.0001251627691090107
    },
    {
        "region": [
            8,
            14
        ],
        "timeslot": 0,
        "true_label": 0.0,
        "prediction": -0.00011079851537942886
    },
    {
        "region": [
            8,
            15
        ],
        "timeslot": 0,
        "true_label": 0.0,
        "prediction": -0.00010989140719175339
    },
    {
        "region": [
            8,
            16
        ],
        "timeslot": 0,
        "true_label": 0.0,
        "prediction": -0.00010989140719175339
    },
    {
        "region": [
            8,
            17
        ],
        "timeslot": 0,
        "true_label": 0.0,
        "prediction": -0.00010989140719175339
    },
    {
        "region": [
            8,
            18
        ],
        "timeslot": 0,
        "true_label": 0.0,
        "prediction": -0.00010989140719175339
    },
    {
        "region": [
            8,
            19
        ],
        "timeslot": 0,
        "true_label": 0.0,
        "prediction": -0.00010989140719175339
    },
    {
        "region": [
            9,
            0
        ],
        "timeslot": 0,
        "true_label": 0.0,
        "prediction": -0.0001426422968506813
    },
    {
        "region": [
            9,
            1
        ],
        "timeslot": 0,
        "true_label": 0.0,
        "prediction": -0.00023912731558084488
    },
    {
        "region": [
            9,
            2
        ],
        "timeslot": 0,
        "true_label": 0.0,
        "prediction": -0.00018172245472669601
    },
    {
        "region": [
            9,
            3
        ],
        "timeslot": 0,
        "true_label": 0.0,
        "prediction": -0.00010234862565994263
    },
    {
        "region": [
            9,
            4
        ],
        "timeslot": 0,
        "true_label": 0.0,
        "prediction": -0.00022947974503040314
    },
    {
        "region": [
            9,
            5
        ],
        "timeslot": 0,
        "true_label": 0.0,
        "prediction": -0.00018478278070688248
    },
    {
        "region": [
            9,
            6
        ],
        "timeslot": 0,
        "true_label": 0.0,
        "prediction": -0.0001586293801665306
    },
    {
        "region": [
            9,
            7
        ],
        "timeslot": 0,
        "true_label": 0.0,
        "prediction": -6.827525794506073e-05
    },
    {
        "region": [
            9,
            8
        ],
        "timeslot": 0,
        "true_label": 0.0,
        "prediction": -0.00012884102761745453
    },
    {
        "region": [
            9,
            9
        ],
        "timeslot": 0,
        "true_label": 0.0,
        "prediction": -0.00015588849782943726
    },
    {
        "region": [
            9,
            10
        ],
        "timeslot": 0,
        "true_label": 0.0,
        "prediction": -0.00010642223060131073
    },
    {
        "region": [
            9,
            11
        ],
        "timeslot": 0,
        "true_label": 0.0,
        "prediction": -0.00016398588195443153
    },
    {
        "region": [
            9,
            12
        ],
        "timeslot": 0,
        "true_label": 0.0,
        "prediction": -0.00015177065506577492
    },
    {
        "region": [
            9,
            13
        ],
        "timeslot": 0,
        "true_label": 0.0,
        "prediction": -0.0001113666221499443
    },
    {
        "region": [
            9,
            14
        ],
        "timeslot": 0,
        "true_label": 0.0,
        "prediction": -0.00011012982577085495
    },
    {
        "region": [
            9,
            15
        ],
        "timeslot": 0,
        "true_label": 0.0,
        "prediction": -0.00010989140719175339
    },
    {
        "region": [
            9,
            16
        ],
        "timeslot": 0,
        "true_label": 0.0,
        "prediction": -0.00010989140719175339
    },
    {
        "region": [
            9,
            17
        ],
        "timeslot": 0,
        "true_label": 0.0,
        "prediction": -0.00010989140719175339
    },
    {
        "region": [
            9,
            18
        ],
        "timeslot": 0,
        "true_label": 0.0,
        "prediction": -0.00010989140719175339
    },
    {
        "region": [
            9,
            19
        ],
        "timeslot": 0,
        "true_label": 0.0,
        "prediction": -0.00010989140719175339
    }
]