[
    {
        "region": [
            0,
            0
        ],
        "timeslot": 0,
        "true_label": 0.011691348402182385,
        "prediction": 0.014529770240187645
    },
    {
        "region": [
            0,
            1
        ],
        "timeslot": 0,
        "true_label": 0.019485580670303974,
        "prediction": 0.017943693324923515
    },
    {
        "region": [
            0,
            2
        ],
        "timeslot": 0,
        "true_label": 0.000779423226812159,
        "prediction": -0.006265672855079174
    },
    {
        "region": [
            0,
            3
        ],
        "timeslot": 0,
        "true_label": 0.000779423226812159,
        "prediction": -0.008859631605446339
    },
    {
        "region": [
            0,
            4
        ],
        "timeslot": 0,
        "true_label": 0.0,
        "prediction": -0.006933637894690037
    },
    {
        "region": [
            0,
            5
        ],
        "timeslot": 0,
        "true_label": 0.0,
        "prediction": -0.0030514521058648825
    },
    {
        "region": [
            0,
            6
        ],
        "timeslot": 0,
        "true_label": 0.0,
        "prediction": -0.0006882156012579799
    },
    {
        "region": [
            0,
            7
        ],
        "timeslot": 0,
        "true_label": 0.0,
        "prediction": 0.0006342342821881175
    },
    {
        "region": [
            0,
            8
        ],
        "timeslot": 0,
        "true_label": 0.0,
        "prediction": -0.0005321073113009334
    },
    {
        "region": [
            0,
            9
        ],
        "timeslot": 0,
        "true_label": 0.0,
        "prediction": -0.00021166913211345673
    },
    {
        "region": [
            0,
            10
        ],
        "timeslot": 0,
        "true_label": 0.0,
        "prediction": 0.00017943978309631348
    },
    {
        "region": [
            0,
            11
        ],
        "timeslot": 0,
        "true_label": 0.0,
        "prediction": -2.8967857360839844e-05
    },
    {
        "region": [
            0,
            12
        ],
        "timeslot": 0,
        "true_label": 0.0,
        "prediction": -0.00011321716010570526
    },
    {
        "region": [
            0,
            13
        ],
        "timeslot": 0,
        "true_label": 0.0,
        "prediction": -0.0001317569985985756
    },
    {
        "region": [
            0,
            14
        ],
        "timeslot": 0,
        "true_label": 0.0,
        "prediction": -0.00015022791922092438
    },
    {
        "region": [
            0,
            15
        ],
        "timeslot": 0,
        "true_label": 0.0,
        "prediction": -0.00014277733862400055
    },
    {
        "region": [
            0,
            16
        ],
        "timeslot": 0,
        "true_label": 0.0,
        "prediction": -0.0001421673223376274
    },
    {
        "region": [
            0,
            17
        ],
        "timeslot": 0,
        "true_label": 0.0,
        "prediction": -0.00012159068137407303
    },
    {
        "region": [
            0,
            18
        ],
        "timeslot": 0,
        "true_label": 0.0,
        "prediction": -0.00013824831694364548
    },
    {
        "region": [
            0,
            19
        ],
        "timeslot": 0,
        "true_label": 0.0,
        "prediction": -0.0001376355066895485
    },
    {
        "region": [
            1,
            0
        ],
        "timeslot": 0,
        "true_label": 0.02260327357755261,
        "prediction": 0.02789844386279583
    },
    {
        "region": [
            1,
            1
        ],
        "timeslot": 0,
        "true_label": 0.02338269680436477,
        "prediction": 0.03469192609190941
    },
    {
        "region": [
            1,
            2
        ],
        "timeslot": 0,
        "true_label": 0.05689789555728761,
        "prediction": 0.0827869400382042
    },
    {
        "region": [
            1,
            3
        ],
        "timeslot": 0,
        "true_label": 0.16445830085736554,
        "prediction": 0.17092883586883545
    },
    {
        "region": [
            1,
            4
        ],
        "timeslot": 0,
        "true_label": 0.24473889321901793,
        "prediction": 0.24397572875022888
    },
    {
        "region": [
            1,
            5
        ],
        "timeslot": 0,
        "true_label": 0.04598597038191738,
        "prediction": 0.07291022688150406
    },
    {
        "region": [
            1,
            6
        ],
        "timeslot": 0,
        "true_label": 0.011691348402182385,
        "prediction": 0.0035100197419524193
    },
    {
        "region": [
            1,
            7
        ],
        "timeslot": 0,
        "true_label": 0.0,
        "prediction": -0.002536163665354252
    },
    {
        "region": [
            1,
            8
        ],
        "timeslot": 0,
        "true_label": 0.0,
        "prediction": -0.0008959292317740619
    },
    {
        "region": [
            1,
            9
        ],
        "timeslot": 0,
        "true_label": 0.0,
        "prediction": -0.0005662365583702922
    },
    {
        "region": [
            1,
            10
        ],
        "timeslot": 0,
        "true_label": 0.0,
        "prediction": -0.0007429185789078474
    },
    {
        "region": [
            1,
            11
        ],
        "timeslot": 0,
        "true_label": 0.0,
        "prediction": 0.00020261947065591812
    },
    {
        "region": [
            1,
            12
        ],
        "timeslot": 0,
        "true_label": 0.0,
        "prediction": 0.00024073850363492966
    },
    {
        "region": [
            1,
            13
        ],
        "timeslot": 0,
        "true_label": 0.0,
        "prediction": 4.582572728395462e-05
    },
    {
        "region": [
            1,
            14
        ],
        "timeslot": 0,
        "true_label": 0.0,
        "prediction": -0.00011220946907997131
    },
    {
        "region": [
            1,
            15
        ],
        "timeslot": 0,
        "true_label": 0.0,
        "prediction": -0.0001337314024567604
    },
    {
        "region": [
            1,
            16
        ],
        "timeslot": 0,
        "true_label": 0.0,
        "prediction": -0.00013928022235631943
    },
    {
        "region": [
            1,
            17
        ],
        "timeslot": 0,
        "true_label": 0.0,
        "prediction": -0.00014787260442972183
    },
    {
        "region": [
            1,
            18
        ],
        "timeslot": 0,
        "true_label": 0.0,
        "prediction": -0.000140494666993618
    },
    {
        "region": [
            1,
            19
        ],
        "timeslot": 0,
        "true_label": 0.0,
        "prediction": -0.00011419877409934998
    },
    {
        "region": [
            2,
            0
        ],
        "timeslot": 0,
        "true_label": 0.0,
        "prediction": -0.0055314768105745316
    },
    {
        "region": [
            2,
            1
        ],
        "timeslot": 0,
        "true_label": 0.029618082618862042,
        "prediction": 0.020913012325763702
    },
    {
        "region": [
            2,
            2
        ],
        "timeslot": 0,
        "true_label": 0.17069368667186283,
        "prediction": 0.2221718728542328
    },
    {
        "region": [
            2,
            3
        ],
        "timeslot": 0,
        "true_label": 0.1293842556508184,
        "prediction": 0.15805670619010925
    },
    {
        "region": [
            2,
            4
        ],
        "timeslot": 0,
        "true_label": 0.0989867498051442,
        "prediction": 0.10847754031419754
    },
    {
        "region": [
            2,
            5
        ],
        "timeslot": 0,
        "true_label": 0.1426344505066251,
        "prediction": 0.16133162379264832
    },
    {
        "region": [
            2,
            6
        ],
        "timeslot": 0,
        "true_label": 0.11067809820732658,
        "prediction": 0.12511682510375977
    },
    {
        "region": [
            2,
            7
        ],
        "timeslot": 0,
        "true_label": 0.05533904910366329,
        "prediction": 0.07225670665502548
    },
    {
        "region": [
            2,
            8
        ],
        "timeslot": 0,
        "true_label": 0.010132501948558068,
        "prediction": -0.0017597794067114592
    },
    {
        "region": [
            2,
            9
        ],
        "timeslot": 0,
        "true_label": 0.0,
        "prediction": -0.006925209891051054
    },
    {
        "region": [
            2,
            10
        ],
        "timeslot": 0,
        "true_label": 0.0,
        "prediction": -0.0011364449746906757
    },
    {
        "region": [
            2,
            11
        ],
        "timeslot": 0,
        "true_label": 0.0,
        "prediction": -0.00037899427115917206
    },
    {
        "region": [
            2,
            12
        ],
        "timeslot": 0,
        "true_label": 0.0,
        "prediction": 0.000248580239713192
    },
    {
        "region": [
            2,
            13
        ],
        "timeslot": 0,
        "true_label": 0.0,
        "prediction": 0.00022579822689294815
    },
    {
        "region": [
            2,
            14
        ],
        "timeslot": 0,
        "true_label": 0.0,
        "prediction": -9.312666952610016e-05
    },
    {
        "region": [
            2,
            15
        ],
        "timeslot": 0,
        "true_label": 0.0,
        "prediction": -0.00012100581079721451
    },
    {
        "region": [
            2,
            16
        ],
        "timeslot": 0,
        "true_label": 0.0,
        "prediction": -9.095296263694763e-05
    },
    {
        "region": [
            2,
            17
        ],
        "timeslot": 0,
        "true_label": 0.0,
        "prediction": -0.00014997366815805435
    },
    {
        "region": [
            2,
            18
        ],
        "timeslot": 0,
        "true_label": 0.0,
        "prediction": -0.00014341995120048523
    },
    {
        "region": [
            2,
            19
        ],
        "timeslot": 0,
        "true_label": 0.0,
        "prediction": -0.00013685598969459534
    },
    {
        "region": [
            3,
            0
        ],
        "timeslot": 0,
        "true_label": 0.0,
        "prediction": -0.0032456698827445507
    },
    {
        "region": [
            3,
            1
        ],
        "timeslot": 0,
        "true_label": 0.000779423226812159,
        "prediction": -0.0005421125097200274
    },
    {
        "region": [
            3,
            2
        ],
        "timeslot": 0,
        "true_label": 0.0740452065471551,
        "prediction": 0.10808059573173523
    },
    {
        "region": [
            3,
            3
        ],
        "timeslot": 0,
        "true_label": 0.14575214341387374,
        "prediction": 0.16389013826847076
    },
    {
        "region": [
            3,
            4
        ],
        "timeslot": 0,
        "true_label": 0.09742790335151988,
        "prediction": 0.12769903242588043
    },
    {
        "region": [
            3,
            5
        ],
        "timeslot": 0,
        "true_label": 0.1332813717848792,
        "prediction": 0.16682548820972443
    },
    {
        "region": [
            3,
            6
        ],
        "timeslot": 0,
        "true_label": 0.17147310989867498,
        "prediction": 0.17845892906188965
    },
    {
        "region": [
            3,
            7
        ],
        "timeslot": 0,
        "true_label": 0.17926734216679657,
        "prediction": 0.18418249487876892
    },
    {
        "region": [
            3,
            8
        ],
        "timeslot": 0,
        "true_label": 0.03585346843335931,
        "prediction": 0.0452762246131897
    },
    {
        "region": [
            3,
            9
        ],
        "timeslot": 0,
        "true_label": 0.028838659392049885,
        "prediction": 0.023887213319540024
    },
    {
        "region": [
            3,
            10
        ],
        "timeslot": 0,
        "true_label": 0.010911925175370226,
        "prediction": 0.00315279932692647
    },
    {
        "region": [
            3,
            11
        ],
        "timeslot": 0,
        "true_label": 0.0,
        "prediction": -0.004697672091424465
    },
    {
        "region": [
            3,
            12
        ],
        "timeslot": 0,
        "true_label": 0.0,
        "prediction": -0.0018710052827373147
    },
    {
        "region": [
            3,
            13
        ],
        "timeslot": 0,
        "true_label": 0.0,
        "prediction": -0.0005446494906209409
    },
    {
        "region": [
            3,
            14
        ],
        "timeslot": 0,
        "true_label": 0.0,
        "prediction": -0.00014272239059209824
    },
    {
        "region": [
            3,
            15
        ],
        "timeslot": 0,
        "true_label": 0.0,
        "prediction": -0.00016540661454200745
    },
    {
        "region": [
            3,
            16
        ],
        "timeslot": 0,
        "true_label": 0.0,
        "prediction": -0.00014080479741096497
    },
    {
        "region": [
            3,
            17
        ],
        "timeslot": 0,
        "true_label": 0.0,
        "prediction": -0.00011644698679447174
    },
    {
        "region": [
            3,
            18
        ],
        "timeslot": 0,
        "true_label": 0.0,
        "prediction": -0.00016541127115488052
    },
    {
        "region": [
            3,
            19
        ],
        "timeslot": 0,
        "true_label": 0.0,
        "prediction": -0.00014080386608839035
    },
    {
        "region": [
            4,
            0
        ],
        "timeslot": 0,
        "true_label": 0.0,
        "prediction": -0.0025458966847509146
    },
    {
        "region": [
            4,
            1
        ],
        "timeslot": 0,
        "true_label": 0.0,
        "prediction": 0.0012761038960888982
    },
    {
        "region": [
            4,
            2
        ],
        "timeslot": 0,
        "true_label": 0.0,
        "prediction": -0.0021375420037657022
    },
    {
        "region": [
            4,
            3
        ],
        "timeslot": 0,
        "true_label": 0.000779423226812159,
        "prediction": -0.0014058341039344668
    },
    {
        "region": [
            4,
            4
        ],
        "timeslot": 0,
        "true_label": 0.003897116134060795,
        "prediction": -0.008713425137102604
    },
    {
        "region": [
            4,
            5
        ],
        "timeslot": 0,
        "true_label": 0.030397505845674203,
        "prediction": 0.04152814298868179
    },
    {
        "region": [
            4,
            6
        ],
        "timeslot": 0,
        "true_label": 0.17614964925954793,
        "prediction": 0.1588451862335205
    },
    {
        "region": [
            4,
            7
        ],
        "timeslot": 0,
        "true_label": 0.09041309431021044,
        "prediction": 0.05284416675567627
    },
    {
        "region": [
            4,
            8
        ],
        "timeslot": 0,
        "true_label": 0.001558846453624318,
        "prediction": -0.0247453935444355
    },
    {
        "region": [
            4,
            9
        ],
        "timeslot": 0,
        "true_label": 0.012470771628994544,
        "prediction": -0.0031522202771157026
    },
    {
        "region": [
            4,
            10
        ],
        "timeslot": 0,
        "true_label": 0.037412314886983634,
        "prediction": 0.025555016472935677
    },
    {
        "region": [
            4,
            11
        ],
        "timeslot": 0,
        "true_label": 0.00779423226812159,
        "prediction": 0.01835479959845543
    },
    {
        "region": [
            4,
            12
        ],
        "timeslot": 0,
        "true_label": 0.010911925175370226,
        "prediction": 0.0052976422011852264
    },
    {
        "region": [
            4,
            13
        ],
        "timeslot": 0,
        "true_label": 0.0,
        "prediction": -0.0011222758330404758
    },
    {
        "region": [
            4,
            14
        ],
        "timeslot": 0,
        "true_label": 0.0,
        "prediction": -9.823869913816452e-05
    },
    {
        "region": [
            4,
            15
        ],
        "timeslot": 0,
        "true_label": 0.0,
        "prediction": -2.3633241653442383e-05
    },
    {
        "region": [
            4,
            16
        ],
        "timeslot": 0,
        "true_label": 0.0,
        "prediction": -0.00014038849622011185
    },
    {
        "region": [
            4,
            17
        ],
        "timeslot": 0,
        "true_label": 0.0,
        "prediction": -0.0001706993207335472
    },
    {
        "region": [
            4,
            18
        ],
        "timeslot": 0,
        "true_label": 0.0,
        "prediction": -0.00013379286974668503
    },
    {
        "region": [
            4,
            19
        ],
        "timeslot": 0,
        "true_label": 0.0,
        "prediction": -0.00010333582758903503
    },
    {
        "region": [
            5,
            0
        ],
        "timeslot": 0,
        "true_label": 0.004676539360872954,
        "prediction": 0.0014362696092575788
    },
    {
        "region": [
            5,
            1
        ],
        "timeslot": 0,
        "true_label": 0.013250194855806703,
        "prediction": 0.025323012843728065
    },
    {
        "region": [
            5,
            2
        ],
        "timeslot": 0,
        "true_label": 0.014029618082618862,
        "prediction": 0.015035898424685001
    },
    {
        "region": [
            5,
            3
        ],
        "timeslot": 0,
        "true_label": 0.0,
        "prediction": -0.001963394694030285
    },
    {
        "region": [
            5,
            4
        ],
        "timeslot": 0,
        "true_label": 0.000779423226812159,
        "prediction": -0.005621669348329306
    },
    {
        "region": [
            5,
            5
        ],
        "timeslot": 0,
        "true_label": 0.0,
        "prediction": -0.007304247934371233
    },
    {
        "region": [
            5,
            6
        ],
        "timeslot": 0,
        "true_label": 0.00779423226812159,
        "prediction": -0.0020538237877190113
    },
    {
        "region": [
            5,
            7
        ],
        "timeslot": 0,
        "true_label": 0.03273577552611068,
        "prediction": 0.016206329688429832
    },
    {
        "region": [
            5,
            8
        ],
        "timeslot": 0,
        "true_label": 0.041309431021044424,
        "prediction": 0.01592176966369152
    },
    {
        "region": [
            5,
            9
        ],
        "timeslot": 0,
        "true_label": 0.00857365549493375,
        "prediction": -0.0007037966279312968
    },
    {
        "region": [
            5,
            10
        ],
        "timeslot": 0,
        "true_label": 0.002338269680436477,
        "prediction": -0.008435569703578949
    },
    {
        "region": [
            5,
            11
        ],
        "timeslot": 0,
        "true_label": 0.010132501948558068,
        "prediction": 0.01151950005441904
    },
    {
        "region": [
            5,
            12
        ],
        "timeslot": 0,
        "true_label": 0.014809041309431021,
        "prediction": 0.02031836472451687
    },
    {
        "region": [
            5,
            13
        ],
        "timeslot": 0,
        "true_label": 0.00779423226812159,
        "prediction": 0.0049192700535058975
    },
    {
        "region": [
            5,
            14
        ],
        "timeslot": 0,
        "true_label": 0.0,
        "prediction": -5.917996168136597e-05
    },
    {
        "region": [
            5,
            15
        ],
        "timeslot": 0,
        "true_label": 0.0,
        "prediction": -0.00048282640636898577
    },
    {
        "region": [
            5,
            16
        ],
        "timeslot": 0,
        "true_label": 0.0,
        "prediction": -0.0001210952177643776
    },
    {
        "region": [
            5,
            17
        ],
        "timeslot": 0,
        "true_label": 0.0,
        "prediction": 1.891888678073883e-05
    },
    {
        "region": [
            5,
            18
        ],
        "timeslot": 0,
        "true_label": 0.0,
        "prediction": -9.931344538927078e-05
    },
    {
        "region": [
            5,
            19
        ],
        "timeslot": 0,
        "true_label": 0.0,
        "prediction": -0.0001128343865275383
    },
    {
        "region": [
            6,
            0
        ],
        "timeslot": 0,
        "true_label": 0.002338269680436477,
        "prediction": 0.0038778167217969894
    },
    {
        "region": [
            6,
            1
        ],
        "timeslot": 0,
        "true_label": 0.011691348402182385,
        "prediction": 0.01662660948932171
    },
    {
        "region": [
            6,
            2
        ],
        "timeslot": 0,
        "true_label": 0.006235385814497272,
        "prediction": 0.011327064596116543
    },
    {
        "region": [
            6,
            3
        ],
        "timeslot": 0,
        "true_label": 0.000779423226812159,
        "prediction": 0.001759905251674354
    },
    {
        "region": [
            6,
            4
        ],
        "timeslot": 0,
        "true_label": 0.0,
        "prediction": -0.0013507026014849544
    },
    {
        "region": [
            6,
            5
        ],
        "timeslot": 0,
        "true_label": 0.004676539360872954,
        "prediction": 0.0003515779972076416
    },
    {
        "region": [
            6,
            6
        ],
        "timeslot": 0,
        "true_label": 0.001558846453624318,
        "prediction": -0.005112838000059128
    },
    {
        "region": [
            6,
            7
        ],
        "timeslot": 0,
        "true_label": 0.003117692907248636,
        "prediction": 0.0042711407877504826
    },
    {
        "region": [
            6,
            8
        ],
        "timeslot": 0,
        "true_label": 0.030397505845674203,
        "prediction": 0.03795504570007324
    },
    {
        "region": [
            6,
            9
        ],
        "timeslot": 0,
        "true_label": 0.02494154325798909,
        "prediction": 0.038324952125549316
    },
    {
        "region": [
            6,
            10
        ],
        "timeslot": 0,
        "true_label": 0.005455962587685113,
        "prediction": 0.009600060060620308
    },
    {
        "region": [
            6,
            11
        ],
        "timeslot": 0,
        "true_label": 0.003897116134060795,
        "prediction": 0.0039132204838097095
    },
    {
        "region": [
            6,
            12
        ],
        "timeslot": 0,
        "true_label": 0.009353078721745909,
        "prediction": 0.011537550017237663
    },
    {
        "region": [
            6,
            13
        ],
        "timeslot": 0,
        "true_label": 0.000779423226812159,
        "prediction": 0.0052352347411215305
    },
    {
        "region": [
            6,
            14
        ],
        "timeslot": 0,
        "true_label": 0.00857365549493375,
        "prediction": 0.0075042713433504105
    },
    {
        "region": [
            6,
            15
        ],
        "timeslot": 0,
        "true_label": 0.003117692907248636,
        "prediction": 0.003345451783388853
    },
    {
        "region": [
            6,
            16
        ],
        "timeslot": 0,
        "true_label": 0.000779423226812159,
        "prediction": -0.00022252462804317474
    },
    {
        "region": [
            6,
            17
        ],
        "timeslot": 0,
        "true_label": 0.0,
        "prediction": -0.000346391461789608
    },
    {
        "region": [
            6,
            18
        ],
        "timeslot": 0,
        "true_label": 0.0,
        "prediction": -0.00038384925574064255
    },
    {
        "region": [
            6,
            19
        ],
        "timeslot": 0,
        "true_label": 0.0,
        "prediction": -0.0002598883584141731
    },
    {
        "region": [
            7,
            0
        ],
        "timeslot": 0,
        "true_label": 0.002338269680436477,
        "prediction": 0.005461851134896278
    },
    {
        "region": [
            7,
            1
        ],
        "timeslot": 0,
        "true_label": 0.003117692907248636,
        "prediction": 0.005308457650244236
    },
    {
        "region": [
            7,
            2
        ],
        "timeslot": 0,
        "true_label": 0.0,
        "prediction": 0.003144980175420642
    },
    {
        "region": [
            7,
            3
        ],
        "timeslot": 0,
        "true_label": 0.0,
        "prediction": 0.0009518113220110536
    },
    {
        "region": [
            7,
            4
        ],
        "timeslot": 0,
        "true_label": 0.0,
        "prediction": 0.0011256732977926731
    },
    {
        "region": [
            7,
            5
        ],
        "timeslot": 0,
        "true_label": 0.002338269680436477,
        "prediction": 0.005103006027638912
    },
    {
        "region": [
            7,
            6
        ],
        "timeslot": 0,
        "true_label": 0.003897116134060795,
        "prediction": 0.0038692548405379057
    },
    {
        "region": [
            7,
            7
        ],
        "timeslot": 0,
        "true_label": 0.0,
        "prediction": 0.0017600947758182883
    },
    {
        "region": [
            7,
            8
        ],
        "timeslot": 0,
        "true_label": 0.0,
        "prediction": 0.0005396594642661512
    },
    {
        "region": [
            7,
            9
        ],
        "timeslot": 0,
        "true_label": 0.0,
        "prediction": -0.003131603356450796
    },
    {
        "region": [
            7,
            10
        ],
        "timeslot": 0,
        "true_label": 0.002338269680436477,
        "prediction": 0.0009160960908047855
    },
    {
        "region": [
            7,
            11
        ],
        "timeslot": 0,
        "true_label": 0.007014809041309431,
        "prediction": 0.004058417864143848
    },
    {
        "region": [
            7,
            12
        ],
        "timeslot": 0,
        "true_label": 0.003897116134060795,
        "prediction": 0.006675155367702246
    },
    {
        "region": [
            7,
            13
        ],
        "timeslot": 0,
        "true_label": 0.006235385814497272,
        "prediction": 0.004219046328216791
    },
    {
        "region": [
            7,
            14
        ],
        "timeslot": 0,
        "true_label": 0.000779423226812159,
        "prediction": 0.0039054392836987972
    },
    {
        "region": [
            7,
            15
        ],
        "timeslot": 0,
        "true_label": 0.000779423226812159,
        "prediction": 0.0021095366682857275
    },
    {
        "region": [
            7,
            16
        ],
        "timeslot": 0,
        "true_label": 0.001558846453624318,
        "prediction": 0.0044535081833601
    },
    {
        "region": [
            7,
            17
        ],
        "timeslot": 0,
        "true_label": 0.001558846453624318,
        "prediction": 0.004124826285988092
    },
    {
        "region": [
            7,
            18
        ],
        "timeslot": 0,
        "true_label": 0.0,
        "prediction": 0.0007354931440204382
    },
    {
        "region": [
            7,
            19
        ],
        "timeslot": 0,
        "true_label": 0.0,
        "prediction": -0.0003706039860844612
    },
    {
        "region": [
            8,
            0
        ],
        "timeslot": 0,
        "true_label": 0.0,
        "prediction": 0.003784138010814786
    },
    {
        "region": [
            8,
            1
        ],
        "timeslot": 0,
        "true_label": 0.0,
        "prediction": 0.0005858175572939217
    },
    {
        "region": [
            8,
            2
        ],
        "timeslot": 0,
        "true_label": 0.0,
        "prediction": 0.0005654346314258873
    },
    {
        "region": [
            8,
            3
        ],
        "timeslot": 0,
        "true_label": 0.0,
        "prediction": 0.0008506809244863689
    },
    {
        "region": [
            8,
            4
        ],
        "timeslot": 0,
        "true_label": 0.0,
        "prediction": 0.0019216263899579644
    },
    {
        "region": [
            8,
            5
        ],
        "timeslot": 0,
        "true_label": 0.001558846453624318,
        "prediction": 0.004423377104103565
    },
    {
        "region": [
            8,
            6
        ],
        "timeslot": 0,
        "true_label": 0.002338269680436477,
        "prediction": 0.0066626351326704025
    },
    {
        "region": [
            8,
            7
        ],
        "timeslot": 0,
        "true_label": 0.010132501948558068,
        "prediction": 0.01006640587002039
    },
    {
        "region": [
            8,
            8
        ],
        "timeslot": 0,
        "true_label": 0.000779423226812159,
        "prediction": 0.0030545254703611135
    },
    {
        "region": [
            8,
            9
        ],
        "timeslot": 0,
        "true_label": 0.0,
        "prediction": 0.0006421402795240283
    },
    {
        "region": [
            8,
            10
        ],
        "timeslot": 0,
        "true_label": 0.0,
        "prediction": 0.0021591209806501865
    },
    {
        "region": [
            8,
            11
        ],
        "timeslot": 0,
        "true_label": 0.0,
        "prediction": 0.0013979425420984626
    },
    {
        "region": [
            8,
            12
        ],
        "timeslot": 0,
        "true_label": 0.0,
        "prediction": 0.0009050393709912896
    },
    {
        "region": [
            8,
            13
        ],
        "timeslot": 0,
        "true_label": 0.0,
        "prediction": 0.0012918799184262753
    },
    {
        "region": [
            8,
            14
        ],
        "timeslot": 0,
        "true_label": 0.0,
        "prediction": 0.000645178253762424
    },
    {
        "region": [
            8,
            15
        ],
        "timeslot": 0,
        "true_label": 0.0,
        "prediction": 0.0006780679104849696
    },
    {
        "region": [
            8,
            16
        ],
        "timeslot": 0,
        "true_label": 0.0,
        "prediction": 0.0007958204951137304
    },
    {
        "region": [
            8,
            17
        ],
        "timeslot": 0,
        "true_label": 0.0,
        "prediction": 0.0007932873559184372
    },
    {
        "region": [
            8,
            18
        ],
        "timeslot": 0,
        "true_label": 0.0,
        "prediction": 0.0010979402577504516
    },
    {
        "region": [
            8,
            19
        ],
        "timeslot": 0,
        "true_label": 0.0,
        "prediction": 0.0009542001062072814
    },
    {
        "region": [
            9,
            0
        ],
        "timeslot": 0,
        "true_label": 0.0,
        "prediction": 0.0013629758032038808
    },
    {
        "region": [
            9,
            1
        ],
        "timeslot": 0,
        "true_label": 0.0,
        "prediction": 0.0002677673473954201
    },
    {
        "region": [
            9,
            2
        ],
        "timeslot": 0,
        "true_label": 0.0,
        "prediction": 9.814184159040451e-05
    },
    {
        "region": [
            9,
            3
        ],
        "timeslot": 0,
        "true_label": 0.0,
        "prediction": 0.0001695249229669571
    },
    {
        "region": [
            9,
            4
        ],
        "timeslot": 0,
        "true_label": 0.0,
        "prediction": 0.0015090402448549867
    },
    {
        "region": [
            9,
            5
        ],
        "timeslot": 0,
        "true_label": 0.003897116134060795,
        "prediction": 0.003672247752547264
    },
    {
        "region": [
            9,
            6
        ],
        "timeslot": 0,
        "true_label": 0.001558846453624318,
        "prediction": 0.005653201602399349
    },
    {
        "region": [
            9,
            7
        ],
        "timeslot": 0,
        "true_label": 0.004676539360872954,
        "prediction": 0.008621705695986748
    },
    {
        "region": [
            9,
            8
        ],
        "timeslot": 0,
        "true_label": 0.004676539360872954,
        "prediction": 0.005851957481354475
    },
    {
        "region": [
            9,
            9
        ],
        "timeslot": 0,
        "true_label": 0.0,
        "prediction": 0.00106453662738204
    },
    {
        "region": [
            9,
            10
        ],
        "timeslot": 0,
        "true_label": 0.0,
        "prediction": -0.00045946231693960726
    },
    {
        "region": [
            9,
            11
        ],
        "timeslot": 0,
        "true_label": 0.0,
        "prediction": 0.0002549467608332634
    },
    {
        "region": [
            9,
            12
        ],
        "timeslot": 0,
        "true_label": 0.0,
        "prediction": 0.0005475402576848865
    },
    {
        "region": [
            9,
            13
        ],
        "timeslot": 0,
        "true_label": 0.0,
        "prediction": 0.0009308872977271676
    },
    {
        "region": [
            9,
            14
        ],
        "timeslot": 0,
        "true_label": 0.0,
        "prediction": 0.0004500876530073583
    },
    {
        "region": [
            9,
            15
        ],
        "timeslot": 0,
        "true_label": 0.0,
        "prediction": 0.00035721343010663986
    },
    {
        "region": [
            9,
            16
        ],
        "timeslot": 0,
        "true_label": 0.0,
        "prediction": 0.000556246202904731
    },
    {
        "region": [
            9,
            17
        ],
        "timeslot": 0,
        "true_label": 0.0,
        "prediction": 0.0004966481355950236
    },
    {
        "region": [
            9,
            18
        ],
        "timeslot": 0,
        "true_label": 0.0,
        "prediction": 0.0004119387886021286
    },
    {
        "region": [
            9,
            19
        ],
        "timeslot": 0,
        "true_label": 0.0,
        "prediction": 0.0009521587053313851
    }
]