[
    {
        "region": [
            0,
            0
        ],
        "timeslot": 0,
        "true_label": 0.01636788776305534,
        "prediction": 0.02907962165772915
    },
    {
        "region": [
            0,
            1
        ],
        "timeslot": 0,
        "true_label": 0.027279812938425563,
        "prediction": 0.0309975016862154
    },
    {
        "region": [
            0,
            2
        ],
        "timeslot": 0,
        "true_label": 0.004676539360872954,
        "prediction": -0.0011086621088907123
    },
    {
        "region": [
            0,
            3
        ],
        "timeslot": 0,
        "true_label": 0.0,
        "prediction": -0.007650947198271751
    },
    {
        "region": [
            0,
            4
        ],
        "timeslot": 0,
        "true_label": 0.0,
        "prediction": -0.007219213526695967
    },
    {
        "region": [
            0,
            5
        ],
        "timeslot": 0,
        "true_label": 0.0,
        "prediction": -0.0036753660533577204
    },
    {
        "region": [
            0,
            6
        ],
        "timeslot": 0,
        "true_label": 0.0,
        "prediction": -0.0013619833625853062
    },
    {
        "region": [
            0,
            7
        ],
        "timeslot": 0,
        "true_label": 0.0,
        "prediction": -1.4229677617549896e-05
    },
    {
        "region": [
            0,
            8
        ],
        "timeslot": 0,
        "true_label": 0.0,
        "prediction": -3.758305683732033e-05
    },
    {
        "region": [
            0,
            9
        ],
        "timeslot": 0,
        "true_label": 0.000779423226812159,
        "prediction": 0.00022249389439821243
    },
    {
        "region": [
            0,
            10
        ],
        "timeslot": 0,
        "true_label": 0.0,
        "prediction": 0.0003529204986989498
    },
    {
        "region": [
            0,
            11
        ],
        "timeslot": 0,
        "true_label": 0.0,
        "prediction": 0.00035947421565651894
    },
    {
        "region": [
            0,
            12
        ],
        "timeslot": 0,
        "true_label": 0.0,
        "prediction": 0.000344723928719759
    },
    {
        "region": [
            0,
            13
        ],
        "timeslot": 0,
        "true_label": 0.0,
        "prediction": 0.000324807595461607
    },
    {
        "region": [
            0,
            14
        ],
        "timeslot": 0,
        "true_label": 0.0,
        "prediction": 0.0003355001099407673
    },
    {
        "region": [
            0,
            15
        ],
        "timeslot": 0,
        "true_label": 0.0,
        "prediction": 0.00033454690128564835
    },
    {
        "region": [
            0,
            16
        ],
        "timeslot": 0,
        "true_label": 0.0,
        "prediction": 0.0003268853761255741
    },
    {
        "region": [
            0,
            17
        ],
        "timeslot": 0,
        "true_label": 0.0,
        "prediction": 0.00033914390951395035
    },
    {
        "region": [
            0,
            18
        ],
        "timeslot": 0,
        "true_label": 0.0,
        "prediction": 0.00032779714092612267
    },
    {
        "region": [
            0,
            19
        ],
        "timeslot": 0,
        "true_label": 0.0,
        "prediction": 0.0003298572264611721
    },
    {
        "region": [
            1,
            0
        ],
        "timeslot": 0,
        "true_label": 0.03819173811379579,
        "prediction": 0.04646950960159302
    },
    {
        "region": [
            1,
            1
        ],
        "timeslot": 0,
        "true_label": 0.037412314886983634,
        "prediction": 0.03938679397106171
    },
    {
        "region": [
            1,
            2
        ],
        "timeslot": 0,
        "true_label": 0.04053000779423227,
        "prediction": 0.037904348224401474
    },
    {
        "region": [
            1,
            3
        ],
        "timeslot": 0,
        "true_label": 0.08807482462977397,
        "prediction": 0.09200698137283325
    },
    {
        "region": [
            1,
            4
        ],
        "timeslot": 0,
        "true_label": 0.09976617303195635,
        "prediction": 0.13827897608280182
    },
    {
        "region": [
            1,
            5
        ],
        "timeslot": 0,
        "true_label": 0.0475448168355417,
        "prediction": 0.05380062386393547
    },
    {
        "region": [
            1,
            6
        ],
        "timeslot": 0,
        "true_label": 0.01558846453624318,
        "prediction": -0.0007433959399349988
    },
    {
        "region": [
            1,
            7
        ],
        "timeslot": 0,
        "true_label": 0.003897116134060795,
        "prediction": -0.0007809356902725995
    },
    {
        "region": [
            1,
            8
        ],
        "timeslot": 0,
        "true_label": 0.0,
        "prediction": -0.00200208299793303
    },
    {
        "region": [
            1,
            9
        ],
        "timeslot": 0,
        "true_label": 0.0,
        "prediction": -0.0005632585962302983
    },
    {
        "region": [
            1,
            10
        ],
        "timeslot": 0,
        "true_label": 0.000779423226812159,
        "prediction": 0.00016237609088420868
    },
    {
        "region": [
            1,
            11
        ],
        "timeslot": 0,
        "true_label": 0.0,
        "prediction": 4.2343512177467346e-05
    },
    {
        "region": [
            1,
            12
        ],
        "timeslot": 0,
        "true_label": 0.0,
        "prediction": 0.00026594754308462143
    },
    {
        "region": [
            1,
            13
        ],
        "timeslot": 0,
        "true_label": 0.0,
        "prediction": 0.0005078254616819322
    },
    {
        "region": [
            1,
            14
        ],
        "timeslot": 0,
        "true_label": 0.0,
        "prediction": 0.00035853544250130653
    },
    {
        "region": [
            1,
            15
        ],
        "timeslot": 0,
        "true_label": 0.0,
        "prediction": 0.00033642491325736046
    },
    {
        "region": [
            1,
            16
        ],
        "timeslot": 0,
        "true_label": 0.0,
        "prediction": 0.0003293869085609913
    },
    {
        "region": [
            1,
            17
        ],
        "timeslot": 0,
        "true_label": 0.0,
        "prediction": 0.00032644718885421753
    },
    {
        "region": [
            1,
            18
        ],
        "timeslot": 0,
        "true_label": 0.0,
        "prediction": 0.0003290986642241478
    },
    {
        "region": [
            1,
            19
        ],
        "timeslot": 0,
        "true_label": 0.0,
        "prediction": 0.00036886800080537796
    },
    {
        "region": [
            2,
            0
        ],
        "timeslot": 0,
        "true_label": 0.003897116134060795,
        "prediction": 0.0006360359257087111
    },
    {
        "region": [
            2,
            1
        ],
        "timeslot": 0,
        "true_label": 0.0171473109898675,
        "prediction": 0.019413769245147705
    },
    {
        "region": [
            2,
            2
        ],
        "timeslot": 0,
        "true_label": 0.10989867498051442,
        "prediction": 0.12149561196565628
    },
    {
        "region": [
            2,
            3
        ],
        "timeslot": 0,
        "true_label": 0.08651597817614964,
        "prediction": 0.09605957567691803
    },
    {
        "region": [
            2,
            4
        ],
        "timeslot": 0,
        "true_label": 0.08495713172252534,
        "prediction": 0.07045581191778183
    },
    {
        "region": [
            2,
            5
        ],
        "timeslot": 0,
        "true_label": 0.09664848012470771,
        "prediction": 0.1313200443983078
    },
    {
        "region": [
            2,
            6
        ],
        "timeslot": 0,
        "true_label": 0.12470771628994544,
        "prediction": 0.12255637347698212
    },
    {
        "region": [
            2,
            7
        ],
        "timeslot": 0,
        "true_label": 0.07560405300077942,
        "prediction": 0.07704170793294907
    },
    {
        "region": [
            2,
            8
        ],
        "timeslot": 0,
        "true_label": 0.018706157443491817,
        "prediction": 0.008426117710769176
    },
    {
        "region": [
            2,
            9
        ],
        "timeslot": 0,
        "true_label": 0.002338269680436477,
        "prediction": -0.00023511843755841255
    },
    {
        "region": [
            2,
            10
        ],
        "timeslot": 0,
        "true_label": 0.0,
        "prediction": 0.0011222473112866282
    },
    {
        "region": [
            2,
            11
        ],
        "timeslot": 0,
        "true_label": 0.0,
        "prediction": 0.0009122045012190938
    },
    {
        "region": [
            2,
            12
        ],
        "timeslot": 0,
        "true_label": 0.0,
        "prediction": 0.00027091242372989655
    },
    {
        "region": [
            2,
            13
        ],
        "timeslot": 0,
        "true_label": 0.0,
        "prediction": 0.0002140868455171585
    },
    {
        "region": [
            2,
            14
        ],
        "timeslot": 0,
        "true_label": 0.0,
        "prediction": 0.00031735794618725777
    },
    {
        "region": [
            2,
            15
        ],
        "timeslot": 0,
        "true_label": 0.0,
        "prediction": 0.0003394042141735554
    },
    {
        "region": [
            2,
            16
        ],
        "timeslot": 0,
        "true_label": 0.0,
        "prediction": 0.0003790385089814663
    },
    {
        "region": [
            2,
            17
        ],
        "timeslot": 0,
        "true_label": 0.0,
        "prediction": 0.0003313967026770115
    },
    {
        "region": [
            2,
            18
        ],
        "timeslot": 0,
        "true_label": 0.0,
        "prediction": 0.00032685743644833565
    },
    {
        "region": [
            2,
            19
        ],
        "timeslot": 0,
        "true_label": 0.0,
        "prediction": 0.0003317114897072315
    },
    {
        "region": [
            3,
            0
        ],
        "timeslot": 0,
        "true_label": 0.003897116134060795,
        "prediction": 0.0028388567734509706
    },
    {
        "region": [
            3,
            1
        ],
        "timeslot": 0,
        "true_label": 0.014029618082618862,
        "prediction": 0.010934371501207352
    },
    {
        "region": [
            3,
            2
        ],
        "timeslot": 0,
        "true_label": 0.09353078721745908,
        "prediction": 0.09489262849092484
    },
    {
        "region": [
            3,
            3
        ],
        "timeslot": 0,
        "true_label": 0.12003117692907249,
        "prediction": 0.15708132088184357
    },
    {
        "region": [
            3,
            4
        ],
        "timeslot": 0,
        "true_label": 0.09431021044427124,
        "prediction": 0.12145298719406128
    },
    {
        "region": [
            3,
            5
        ],
        "timeslot": 0,
        "true_label": 0.11613406079501169,
        "prediction": 0.1120162159204483
    },
    {
        "region": [
            3,
            6
        ],
        "timeslot": 0,
        "true_label": 0.07170693686671863,
        "prediction": 0.06697260588407516
    },
    {
        "region": [
            3,
            7
        ],
        "timeslot": 0,
        "true_label": 0.11691348402182385,
        "prediction": 0.11332260072231293
    },
    {
        "region": [
            3,
            8
        ],
        "timeslot": 0,
        "true_label": 0.043647700701480906,
        "prediction": 0.033783480525016785
    },
    {
        "region": [
            3,
            9
        ],
        "timeslot": 0,
        "true_label": 0.03585346843335931,
        "prediction": 0.04613807052373886
    },
    {
        "region": [
            3,
            10
        ],
        "timeslot": 0,
        "true_label": 0.012470771628994544,
        "prediction": 0.0034687668085098267
    },
    {
        "region": [
            3,
            11
        ],
        "timeslot": 0,
        "true_label": 0.0,
        "prediction": -0.004912231583148241
    },
    {
        "region": [
            3,
            12
        ],
        "timeslot": 0,
        "true_label": 0.0,
        "prediction": -0.0004416982701513916
    },
    {
        "region": [
            3,
            13
        ],
        "timeslot": 0,
        "true_label": 0.0,
        "prediction": 0.00024045584723353386
    },
    {
        "region": [
            3,
            14
        ],
        "timeslot": 0,
        "true_label": 0.0,
        "prediction": 0.0003872341476380825
    },
    {
        "region": [
            3,
            15
        ],
        "timeslot": 0,
        "true_label": 0.0,
        "prediction": 0.0003011859953403473
    },
    {
        "region": [
            3,
            16
        ],
        "timeslot": 0,
        "true_label": 0.0,
        "prediction": 0.0003196815960109234
    },
    {
        "region": [
            3,
            17
        ],
        "timeslot": 0,
        "true_label": 0.0,
        "prediction": 0.00038815708830952644
    },
    {
        "region": [
            3,
            18
        ],
        "timeslot": 0,
        "true_label": 0.0,
        "prediction": 0.0003089108504354954
    },
    {
        "region": [
            3,
            19
        ],
        "timeslot": 0,
        "true_label": 0.0,
        "prediction": 0.00032859528437256813
    },
    {
        "region": [
            4,
            0
        ],
        "timeslot": 0,
        "true_label": 0.000779423226812159,
        "prediction": 0.001375189982354641
    },
    {
        "region": [
            4,
            1
        ],
        "timeslot": 0,
        "true_label": 0.006235385814497272,
        "prediction": 0.00475888280197978
    },
    {
        "region": [
            4,
            2
        ],
        "timeslot": 0,
        "true_label": 0.003117692907248636,
        "prediction": 0.004016776103526354
    },
    {
        "region": [
            4,
            3
        ],
        "timeslot": 0,
        "true_label": 0.014029618082618862,
        "prediction": 0.017606714740395546
    },
    {
        "region": [
            4,
            4
        ],
        "timeslot": 0,
        "true_label": 0.007014809041309431,
        "prediction": 0.008375422097742558
    },
    {
        "region": [
            4,
            5
        ],
        "timeslot": 0,
        "true_label": 0.05222135619641465,
        "prediction": 0.06594129651784897
    },
    {
        "region": [
            4,
            6
        ],
        "timeslot": 0,
        "true_label": 0.09197194076383476,
        "prediction": 0.09427604079246521
    },
    {
        "region": [
            4,
            7
        ],
        "timeslot": 0,
        "true_label": 0.037412314886983634,
        "prediction": 0.013627639040350914
    },
    {
        "region": [
            4,
            8
        ],
        "timeslot": 0,
        "true_label": 0.003117692907248636,
        "prediction": -0.020217809826135635
    },
    {
        "region": [
            4,
            9
        ],
        "timeslot": 0,
        "true_label": 0.0171473109898675,
        "prediction": 0.009212047792971134
    },
    {
        "region": [
            4,
            10
        ],
        "timeslot": 0,
        "true_label": 0.048324240062353856,
        "prediction": 0.052846863865852356
    },
    {
        "region": [
            4,
            11
        ],
        "timeslot": 0,
        "true_label": 0.036632891660171474,
        "prediction": 0.033557914197444916
    },
    {
        "region": [
            4,
            12
        ],
        "timeslot": 0,
        "true_label": 0.007014809041309431,
        "prediction": 0.007497159764170647
    },
    {
        "region": [
            4,
            13
        ],
        "timeslot": 0,
        "true_label": 0.0,
        "prediction": -0.000876320234965533
    },
    {
        "region": [
            4,
            14
        ],
        "timeslot": 0,
        "true_label": 0.0,
        "prediction": 0.0005363974487408996
    },
    {
        "region": [
            4,
            15
        ],
        "timeslot": 0,
        "true_label": 0.0,
        "prediction": 0.0005176778649911284
    },
    {
        "region": [
            4,
            16
        ],
        "timeslot": 0,
        "true_label": 0.0,
        "prediction": 0.00043513663695193827
    },
    {
        "region": [
            4,
            17
        ],
        "timeslot": 0,
        "true_label": 0.0,
        "prediction": 0.00030273478478193283
    },
    {
        "region": [
            4,
            18
        ],
        "timeslot": 0,
        "true_label": 0.0,
        "prediction": 0.000317117664963007
    },
    {
        "region": [
            4,
            19
        ],
        "timeslot": 0,
        "true_label": 0.0,
        "prediction": 0.0003492929972708225
    },
    {
        "region": [
            5,
            0
        ],
        "timeslot": 0,
        "true_label": 0.000779423226812159,
        "prediction": 0.004445312079042196
    },
    {
        "region": [
            5,
            1
        ],
        "timeslot": 0,
        "true_label": 0.03351519875292284,
        "prediction": 0.04031185433268547
    },
    {
        "region": [
            5,
            2
        ],
        "timeslot": 0,
        "true_label": 0.026500389711613406,
        "prediction": 0.027324948459863663
    },
    {
        "region": [
            5,
            3
        ],
        "timeslot": 0,
        "true_label": 0.012470771628994544,
        "prediction": 0.007918649353086948
    },
    {
        "region": [
            5,
            4
        ],
        "timeslot": 0,
        "true_label": 0.003117692907248636,
        "prediction": -0.0001564081758260727
    },
    {
        "region": [
            5,
            5
        ],
        "timeslot": 0,
        "true_label": 0.011691348402182385,
        "prediction": 0.003805185202509165
    },
    {
        "region": [
            5,
            6
        ],
        "timeslot": 0,
        "true_label": 0.014029618082618862,
        "prediction": 0.01287288498133421
    },
    {
        "region": [
            5,
            7
        ],
        "timeslot": 0,
        "true_label": 0.05767731878409977,
        "prediction": 0.057435229420661926
    },
    {
        "region": [
            5,
            8
        ],
        "timeslot": 0,
        "true_label": 0.05767731878409977,
        "prediction": 0.03957308083772659
    },
    {
        "region": [
            5,
            9
        ],
        "timeslot": 0,
        "true_label": 0.017926734216679657,
        "prediction": 0.01274836715310812
    },
    {
        "region": [
            5,
            10
        ],
        "timeslot": 0,
        "true_label": 0.003897116134060795,
        "prediction": -0.00013024872168898582
    },
    {
        "region": [
            5,
            11
        ],
        "timeslot": 0,
        "true_label": 0.034294621979735,
        "prediction": 0.030590776354074478
    },
    {
        "region": [
            5,
            12
        ],
        "timeslot": 0,
        "true_label": 0.042868277474668745,
        "prediction": 0.026783892884850502
    },
    {
        "region": [
            5,
            13
        ],
        "timeslot": 0,
        "true_label": 0.011691348402182385,
        "prediction": 0.012023168615996838
    },
    {
        "region": [
            5,
            14
        ],
        "timeslot": 0,
        "true_label": 0.003117692907248636,
        "prediction": 0.0022771796211600304
    },
    {
        "region": [
            5,
            15
        ],
        "timeslot": 0,
        "true_label": 0.0,
        "prediction": -0.00014496920630335808
    },
    {
        "region": [
            5,
            16
        ],
        "timeslot": 0,
        "true_label": 0.0,
        "prediction": 0.00023481110110878944
    },
    {
        "region": [
            5,
            17
        ],
        "timeslot": 0,
        "true_label": 0.0,
        "prediction": 0.0005413753679022193
    },
    {
        "region": [
            5,
            18
        ],
        "timeslot": 0,
        "true_label": 0.0,
        "prediction": 0.00039725517854094505
    },
    {
        "region": [
            5,
            19
        ],
        "timeslot": 0,
        "true_label": 0.0,
        "prediction": 0.0002656495198607445
    },
    {
        "region": [
            6,
            0
        ],
        "timeslot": 0,
        "true_label": 0.007014809041309431,
        "prediction": 0.013301530852913857
    },
    {
        "region": [
            6,
            1
        ],
        "timeslot": 0,
        "true_label": 0.03351519875292284,
        "prediction": 0.03478927165269852
    },
    {
        "region": [
            6,
            2
        ],
        "timeslot": 0,
        "true_label": 0.012470771628994544,
        "prediction": 0.02579168789088726
    },
    {
        "region": [
            6,
            3
        ],
        "timeslot": 0,
        "true_label": 0.00857365549493375,
        "prediction": 0.013388235121965408
    },
    {
        "region": [
            6,
            4
        ],
        "timeslot": 0,
        "true_label": 0.003897116134060795,
        "prediction": 0.004626024514436722
    },
    {
        "region": [
            6,
            5
        ],
        "timeslot": 0,
        "true_label": 0.005455962587685113,
        "prediction": 0.0025769195053726435
    },
    {
        "region": [
            6,
            6
        ],
        "timeslot": 0,
        "true_label": 0.000779423226812159,
        "prediction": -0.0066434587351977825
    },
    {
        "region": [
            6,
            7
        ],
        "timeslot": 0,
        "true_label": 0.010911925175370226,
        "prediction": 0.012684760615229607
    },
    {
        "region": [
            6,
            8
        ],
        "timeslot": 0,
        "true_label": 0.07092751363990647,
        "prediction": 0.08689919859170914
    },
    {
        "region": [
            6,
            9
        ],
        "timeslot": 0,
        "true_label": 0.07716289945440374,
        "prediction": 0.09026762843132019
    },
    {
        "region": [
            6,
            10
        ],
        "timeslot": 0,
        "true_label": 0.027279812938425563,
        "prediction": 0.020696552470326424
    },
    {
        "region": [
            6,
            11
        ],
        "timeslot": 0,
        "true_label": 0.012470771628994544,
        "prediction": 0.015590832568705082
    },
    {
        "region": [
            6,
            12
        ],
        "timeslot": 0,
        "true_label": 0.021044427123928292,
        "prediction": 0.019620560109615326
    },
    {
        "region": [
            6,
            13
        ],
        "timeslot": 0,
        "true_label": 0.0171473109898675,
        "prediction": 0.015619470737874508
    },
    {
        "region": [
            6,
            14
        ],
        "timeslot": 0,
        "true_label": 0.024162120031176928,
        "prediction": 0.024380475282669067
    },
    {
        "region": [
            6,
            15
        ],
        "timeslot": 0,
        "true_label": 0.013250194855806703,
        "prediction": 0.012562531046569347
    },
    {
        "region": [
            6,
            16
        ],
        "timeslot": 0,
        "true_label": 0.0,
        "prediction": 0.0009400691487826407
    },
    {
        "region": [
            6,
            17
        ],
        "timeslot": 0,
        "true_label": 0.0,
        "prediction": -3.215530887246132e-05
    },
    {
        "region": [
            6,
            18
        ],
        "timeslot": 0,
        "true_label": 0.0,
        "prediction": 8.323462679982185e-05
    },
    {
        "region": [
            6,
            19
        ],
        "timeslot": 0,
        "true_label": 0.0,
        "prediction": 0.0003748568706214428
    },
    {
        "region": [
            7,
            0
        ],
        "timeslot": 0,
        "true_label": 0.010132501948558068,
        "prediction": 0.012563541531562805
    },
    {
        "region": [
            7,
            1
        ],
        "timeslot": 0,
        "true_label": 0.00779423226812159,
        "prediction": 0.01523649226874113
    },
    {
        "region": [
            7,
            2
        ],
        "timeslot": 0,
        "true_label": 0.006235385814497272,
        "prediction": 0.010919109918177128
    },
    {
        "region": [
            7,
            3
        ],
        "timeslot": 0,
        "true_label": 0.002338269680436477,
        "prediction": 0.003102098125964403
    },
    {
        "region": [
            7,
            4
        ],
        "timeslot": 0,
        "true_label": 0.000779423226812159,
        "prediction": 0.0019578500650823116
    },
    {
        "region": [
            7,
            5
        ],
        "timeslot": 0,
        "true_label": 0.003897116134060795,
        "prediction": 0.008191273547708988
    },
    {
        "region": [
            7,
            6
        ],
        "timeslot": 0,
        "true_label": 0.012470771628994544,
        "prediction": 0.008280319161713123
    },
    {
        "region": [
            7,
            7
        ],
        "timeslot": 0,
        "true_label": 0.003897116134060795,
        "prediction": 0.0035996518563479185
    },
    {
        "region": [
            7,
            8
        ],
        "timeslot": 0,
        "true_label": 0.000779423226812159,
        "prediction": 0.0010725334286689758
    },
    {
        "region": [
            7,
            9
        ],
        "timeslot": 0,
        "true_label": 0.002338269680436477,
        "prediction": 0.0014095258666202426
    },
    {
        "region": [
            7,
            10
        ],
        "timeslot": 0,
        "true_label": 0.011691348402182385,
        "prediction": 0.013137015514075756
    },
    {
        "region": [
            7,
            11
        ],
        "timeslot": 0,
        "true_label": 0.026500389711613406,
        "prediction": 0.0199054554104805
    },
    {
        "region": [
            7,
            12
        ],
        "timeslot": 0,
        "true_label": 0.010911925175370226,
        "prediction": 0.012489198707044125
    },
    {
        "region": [
            7,
            13
        ],
        "timeslot": 0,
        "true_label": 0.014029618082618862,
        "prediction": 0.0121342483907938
    },
    {
        "region": [
            7,
            14
        ],
        "timeslot": 0,
        "true_label": 0.014809041309431021,
        "prediction": 0.01271723210811615
    },
    {
        "region": [
            7,
            15
        ],
        "timeslot": 0,
        "true_label": 0.003117692907248636,
        "prediction": 0.009147055447101593
    },
    {
        "region": [
            7,
            16
        ],
        "timeslot": 0,
        "true_label": 0.004676539360872954,
        "prediction": 0.011018477380275726
    },
    {
        "region": [
            7,
            17
        ],
        "timeslot": 0,
        "true_label": 0.014809041309431021,
        "prediction": 0.015450889244675636
    },
    {
        "region": [
            7,
            18
        ],
        "timeslot": 0,
        "true_label": 0.003117692907248636,
        "prediction": 0.003234321251511574
    },
    {
        "region": [
            7,
            19
        ],
        "timeslot": 0,
        "true_label": 0.0,
        "prediction": 0.00022574467584490776
    },
    {
        "region": [
            8,
            0
        ],
        "timeslot": 0,
        "true_label": 0.012470771628994544,
        "prediction": 0.014724117703735828
    },
    {
        "region": [
            8,
            1
        ],
        "timeslot": 0,
        "true_label": 0.0,
        "prediction": 0.0020710749085992575
    },
    {
        "region": [
            8,
            2
        ],
        "timeslot": 0,
        "true_label": 0.0,
        "prediction": 0.0006649451097473502
    },
    {
        "region": [
            8,
            3
        ],
        "timeslot": 0,
        "true_label": 0.0,
        "prediction": 0.0005053643835708499
    },
    {
        "region": [
            8,
            4
        ],
        "timeslot": 0,
        "true_label": 0.011691348402182385,
        "prediction": 0.006308974232524633
    },
    {
        "region": [
            8,
            5
        ],
        "timeslot": 0,
        "true_label": 0.004676539360872954,
        "prediction": 0.009261483326554298
    },
    {
        "region": [
            8,
            6
        ],
        "timeslot": 0,
        "true_label": 0.0171473109898675,
        "prediction": 0.015943272039294243
    },
    {
        "region": [
            8,
            7
        ],
        "timeslot": 0,
        "true_label": 0.02494154325798909,
        "prediction": 0.02857399173080921
    },
    {
        "region": [
            8,
            8
        ],
        "timeslot": 0,
        "true_label": 0.014809041309431021,
        "prediction": 0.012672222219407558
    },
    {
        "region": [
            8,
            9
        ],
        "timeslot": 0,
        "true_label": 0.000779423226812159,
        "prediction": -0.0009638676419854164
    },
    {
        "region": [
            8,
            10
        ],
        "timeslot": 0,
        "true_label": 0.0,
        "prediction": -0.0017847419949248433
    },
    {
        "region": [
            8,
            11
        ],
        "timeslot": 0,
        "true_label": 0.000779423226812159,
        "prediction": -0.0007271918002516031
    },
    {
        "region": [
            8,
            12
        ],
        "timeslot": 0,
        "true_label": 0.003897116134060795,
        "prediction": 0.002560352673754096
    },
    {
        "region": [
            8,
            13
        ],
        "timeslot": 0,
        "true_label": 0.003117692907248636,
        "prediction": 0.002362145809456706
    },
    {
        "region": [
            8,
            14
        ],
        "timeslot": 0,
        "true_label": 0.000779423226812159,
        "prediction": 0.001882975921034813
    },
    {
        "region": [
            8,
            15
        ],
        "timeslot": 0,
        "true_label": 0.000779423226812159,
        "prediction": 0.002250518649816513
    },
    {
        "region": [
            8,
            16
        ],
        "timeslot": 0,
        "true_label": 0.001558846453624318,
        "prediction": 0.001460898551158607
    },
    {
        "region": [
            8,
            17
        ],
        "timeslot": 0,
        "true_label": 0.003897116134060795,
        "prediction": 0.003880265634506941
    },
    {
        "region": [
            8,
            18
        ],
        "timeslot": 0,
        "true_label": 0.003897116134060795,
        "prediction": 0.006224817596375942
    },
    {
        "region": [
            8,
            19
        ],
        "timeslot": 0,
        "true_label": 0.004676539360872954,
        "prediction": 0.006132402922958136
    },
    {
        "region": [
            9,
            0
        ],
        "timeslot": 0,
        "true_label": 0.005455962587685113,
        "prediction": 0.0077650402672588825
    },
    {
        "region": [
            9,
            1
        ],
        "timeslot": 0,
        "true_label": 0.001558846453624318,
        "prediction": 0.002070908434689045
    },
    {
        "region": [
            9,
            2
        ],
        "timeslot": 0,
        "true_label": 0.0,
        "prediction": 0.0003800452686846256
    },
    {
        "region": [
            9,
            3
        ],
        "timeslot": 0,
        "true_label": 0.0,
        "prediction": 0.0005742016364820302
    },
    {
        "region": [
            9,
            4
        ],
        "timeslot": 0,
        "true_label": 0.003117692907248636,
        "prediction": 0.00546278478577733
    },
    {
        "region": [
            9,
            5
        ],
        "timeslot": 0,
        "true_label": 0.010911925175370226,
        "prediction": 0.012014196254312992
    },
    {
        "region": [
            9,
            6
        ],
        "timeslot": 0,
        "true_label": 0.019485580670303974,
        "prediction": 0.017175929620862007
    },
    {
        "region": [
            9,
            7
        ],
        "timeslot": 0,
        "true_label": 0.026500389711613406,
        "prediction": 0.025433111935853958
    },
    {
        "region": [
            9,
            8
        ],
        "timeslot": 0,
        "true_label": 0.0171473109898675,
        "prediction": 0.01763499341905117
    },
    {
        "region": [
            9,
            9
        ],
        "timeslot": 0,
        "true_label": 0.005455962587685113,
        "prediction": 0.006287660449743271
    },
    {
        "region": [
            9,
            10
        ],
        "timeslot": 0,
        "true_label": 0.0,
        "prediction": 0.0005399867659434676
    },
    {
        "region": [
            9,
            11
        ],
        "timeslot": 0,
        "true_label": 0.0,
        "prediction": 0.0005167092895135283
    },
    {
        "region": [
            9,
            12
        ],
        "timeslot": 0,
        "true_label": 0.003117692907248636,
        "prediction": 0.0016127161215990782
    },
    {
        "region": [
            9,
            13
        ],
        "timeslot": 0,
        "true_label": 0.003117692907248636,
        "prediction": 0.0020801620557904243
    },
    {
        "region": [
            9,
            14
        ],
        "timeslot": 0,
        "true_label": 0.0,
        "prediction": 0.001837373012676835
    },
    {
        "region": [
            9,
            15
        ],
        "timeslot": 0,
        "true_label": 0.000779423226812159,
        "prediction": 0.0020885311532765627
    },
    {
        "region": [
            9,
            16
        ],
        "timeslot": 0,
        "true_label": 0.001558846453624318,
        "prediction": 0.0016764892498031259
    },
    {
        "region": [
            9,
            17
        ],
        "timeslot": 0,
        "true_label": 0.000779423226812159,
        "prediction": 0.0016839156160131097
    },
    {
        "region": [
            9,
            18
        ],
        "timeslot": 0,
        "true_label": 0.000779423226812159,
        "prediction": 0.0009444999741390347
    },
    {
        "region": [
            9,
            19
        ],
        "timeslot": 0,
        "true_label": 0.004676539360872954,
        "prediction": 0.0034269874449819326
    }
]